,0,1,2,3,4,5,6
0,43.057499,43.2575,43.75,43.587502,43.5825,43.572498,43.82
1,43.2575,43.75,43.587502,43.5825,43.572498,43.82,44.272499
2,43.75,43.587502,43.5825,43.572498,43.82,44.272499,44.047501
3,43.587502,43.5825,43.572498,43.82,44.272499,44.047501,44.775002
4,43.5825,43.572498,43.82,44.272499,44.047501,44.775002,44.814999
5,43.572498,43.82,44.272499,44.047501,44.775002,44.814999,44.615002
6,43.82,44.272499,44.047501,44.775002,44.814999,44.615002,44.25
7,44.272499,44.047501,44.775002,44.814999,44.615002,44.25,44.259998
8,44.047501,44.775002,44.814999,44.615002,44.25,44.259998,43.555
9,44.775002,44.814999,44.615002,44.25,44.259998,43.555,42.7775
10,44.814999,44.615002,44.25,44.259998,43.555,42.7775,42.877499
11,44.615002,44.25,44.259998,43.555,42.7775,42.877499,41.990002
12,44.25,44.259998,43.555,42.7775,42.877499,41.990002,41.7425
13,44.259998,43.555,42.7775,42.877499,41.990002,41.7425,41.857498
14,43.555,42.7775,42.877499,41.990002,41.7425,41.857498,41.945
15,42.7775,42.877499,41.990002,41.7425,41.857498,41.945,40.125
16,42.877499,41.990002,41.7425,41.857498,41.945,40.125,39.122501
17,41.990002,41.7425,41.857498,41.945,40.125,39.122501,40.7575
18,41.7425,41.857498,41.945,40.125,39.122501,40.7575,39.884998
19,41.857498,41.945,40.125,39.122501,40.7575,39.884998,38.787498
20,41.945,40.125,39.122501,40.7575,39.884998,38.787498,39.102501
21,40.125,39.122501,40.7575,39.884998,38.787498,39.102501,40.677502
22,39.122501,40.7575,39.884998,38.787498,39.102501,40.677502,41.084999
23,40.7575,39.884998,38.787498,39.102501,40.677502,41.084999,41.842499
24,39.884998,38.787498,39.102501,40.677502,41.084999,41.842499,43.247501
25,38.787498,39.102501,40.677502,41.084999,41.842499,43.247501,43.107498
26,39.102501,40.677502,41.084999,41.842499,43.247501,43.107498,42.962502
27,40.677502,41.084999,41.842499,43.247501,43.107498,42.962502,42.767502
28,41.084999,41.842499,43.247501,43.107498,42.962502,42.767502,43.125
29,41.842499,43.247501,43.107498,42.962502,42.767502,43.125,43.875
30,43.247501,43.107498,42.962502,42.767502,43.125,43.875,44.7425
31,43.107498,42.962502,42.767502,43.125,43.875,44.7425,44.5975
32,42.962502,42.767502,43.125,43.875,44.7425,44.5975,44.529999
33,42.767502,43.125,43.875,44.7425,44.5975,44.529999,43.75
34,43.125,43.875,44.7425,44.5975,44.529999,43.75,44.052502
35,43.875,44.7425,44.5975,44.529999,43.75,44.052502,44.205002
36,44.7425,44.5975,44.529999,43.75,44.052502,44.205002,44.1675
37,44.5975,44.529999,43.75,44.052502,44.205002,44.1675,43.7575
38,44.529999,43.75,44.052502,44.205002,44.1675,43.7575,44.235001
39,43.75,44.052502,44.205002,44.1675,43.7575,44.235001,44.994999
40,44.052502,44.205002,44.1675,43.7575,44.235001,44.994999,45.43
41,44.205002,44.1675,43.7575,44.235001,44.994999,45.43,44.9925
42,44.1675,43.7575,44.235001,44.994999,45.43,44.9925,44.610001
43,43.7575,44.235001,44.994999,45.43,44.9925,44.610001,44.662498
44,44.235001,44.994999,45.43,44.9925,44.610001,44.662498,44.505001
45,44.994999,45.43,44.9925,44.610001,44.662498,44.505001,43.825001
46,45.43,44.9925,44.610001,44.662498,44.505001,43.825001,43.810001
47,44.9925,44.610001,44.662498,44.505001,43.825001,43.810001,42.817501
48,44.610001,44.662498,44.505001,43.825001,43.810001,42.817501,42.212502
49,44.662498,44.505001,43.825001,43.810001,42.817501,42.212502,41.235001
50,44.505001,43.825001,43.810001,42.817501,42.212502,41.235001,43.192501
51,43.825001,43.810001,42.817501,42.212502,41.235001,43.192501,42.084999
52,43.810001,42.817501,42.212502,41.235001,43.192501,42.084999,41.619999
53,42.817501,42.212502,41.235001,43.192501,42.084999,41.619999,41.945
54,42.212502,41.235001,43.192501,42.084999,41.619999,41.945,41.669998
55,41.235001,43.192501,42.084999,41.619999,41.945,41.669998,42.0975
56,43.192501,42.084999,41.619999,41.945,41.669998,42.0975,42.9025
57,42.084999,41.619999,41.945,41.669998,42.0975,42.9025,43.200001
58,41.619999,41.945,41.669998,42.0975,42.9025,43.200001,42.095001
59,41.945,41.669998,42.0975,42.9025,43.200001,42.095001,42.512501
60,41.669998,42.0975,42.9025,43.200001,42.095001,42.512501,43.3125
61,42.0975,42.9025,43.200001,42.095001,42.512501,43.3125,43.110001
62,42.9025,43.200001,42.095001,42.512501,43.3125,43.110001,43.535
63,43.200001,42.095001,42.512501,43.3125,43.110001,43.535,43.682499
64,42.095001,42.512501,43.3125,43.110001,43.535,43.682499,43.955002
65,42.512501,43.3125,43.110001,43.535,43.682499,43.955002,44.560001
66,43.3125,43.110001,43.535,43.682499,43.955002,44.560001,44.459999
67,43.110001,43.535,43.682499,43.955002,44.560001,44.459999,43.200001
68,43.535,43.682499,43.955002,44.560001,44.459999,43.200001,41.43
69,43.682499,43.955002,44.560001,44.459999,43.200001,41.43,41.310001
70,43.955002,44.560001,44.459999,43.200001,41.43,41.310001,40.735001
71,44.560001,44.459999,43.200001,41.43,41.310001,40.735001,40.912498
72,44.459999,43.200001,41.43,41.310001,40.735001,40.912498,41.055
73,43.200001,41.43,41.310001,40.735001,40.912498,41.055,40.580002
74,41.43,41.310001,40.735001,40.912498,41.055,40.580002,41.314999
75,41.310001,40.735001,40.912498,41.055,40.580002,41.314999,42.275002
76,40.735001,40.912498,41.055,40.580002,41.314999,42.275002,44.142502
77,40.912498,41.055,40.580002,41.314999,42.275002,44.142502,44.2225
78,41.055,40.580002,41.314999,42.275002,44.142502,44.2225,45.9575
79,40.580002,41.314999,42.275002,44.142502,44.2225,45.9575,46.290001
80,41.314999,42.275002,44.142502,44.2225,45.9575,46.290001,46.512501
81,42.275002,44.142502,44.2225,45.9575,46.290001,46.512501,46.84
82,44.142502,44.2225,45.9575,46.290001,46.512501,46.84,47.509998
83,44.2225,45.9575,46.290001,46.512501,46.84,47.509998,47.147499
84,45.9575,46.290001,46.512501,46.84,47.509998,47.147499,47.037498
85,46.290001,46.512501,46.84,47.509998,47.147499,47.037498,46.610001
86,46.512501,46.84,47.509998,47.147499,47.037498,46.610001,47.044998
87,46.84,47.509998,47.147499,47.037498,46.610001,47.044998,46.747501
88,47.509998,47.147499,47.037498,46.610001,47.044998,46.747501,46.577499
89,47.147499,47.037498,46.610001,47.044998,46.747501,46.577499,46.907501
90,47.037498,46.610001,47.044998,46.747501,46.577499,46.907501,46.790001
91,46.610001,47.044998,46.747501,46.577499,46.907501,46.790001,47.09
92,47.044998,46.747501,46.577499,46.907501,46.790001,47.09,47.037498
93,46.747501,46.577499,46.907501,46.790001,47.09,47.037498,47.145
94,46.577499,46.907501,46.790001,47.09,47.037498,47.145,46.974998
95,46.907501,46.790001,47.09,47.037498,47.145,46.974998,46.875
96,46.790001,47.09,47.037498,47.145,46.974998,46.875,46.717499
97,47.09,47.037498,47.145,46.974998,46.875,46.717499,47.560001
98,47.037498,47.145,46.974998,46.875,46.717499,47.560001,47.9575
99,47.145,46.974998,46.875,46.717499,47.560001,47.9575,48.327499
100,46.974998,46.875,46.717499,47.560001,47.9575,48.327499,48.494999
101,46.875,46.717499,47.560001,47.9575,48.327499,48.494999,48.365002
102,46.717499,47.560001,47.9575,48.327499,48.494999,48.365002,47.924999
103,47.560001,47.9575,48.327499,48.494999,48.365002,47.924999,47.807499
104,47.9575,48.327499,48.494999,48.365002,47.924999,47.807499,48.07
105,48.327499,48.494999,48.365002,47.924999,47.807499,48.07,47.674999
106,48.494999,48.365002,47.924999,47.807499,48.07,47.674999,47.700001
107,48.365002,47.924999,47.807499,48.07,47.674999,47.700001,47.209999
108,47.924999,47.807499,48.07,47.674999,47.700001,47.209999,47.185001
109,47.807499,48.07,47.674999,47.700001,47.209999,47.185001,46.422501
110,48.07,47.674999,47.700001,47.209999,47.185001,46.422501,46.625
111,47.674999,47.700001,47.209999,47.185001,46.422501,46.625,46.365002
112,47.700001,47.209999,47.185001,46.422501,46.625,46.365002,46.23
113,47.209999,47.185001,46.422501,46.625,46.365002,46.23,45.5425
114,47.185001,46.422501,46.625,46.365002,46.23,45.5425,46.107498
115,46.422501,46.625,46.365002,46.23,45.5425,46.107498,46.040001
116,46.625,46.365002,46.23,45.5425,46.107498,46.040001,46.375
117,46.365002,46.23,45.5425,46.107498,46.040001,46.375,46.2775
118,46.23,45.5425,46.107498,46.040001,46.375,46.2775,46.794998
119,45.5425,46.107498,46.040001,46.375,46.2775,46.794998,45.98
120,46.107498,46.040001,46.375,46.2775,46.794998,45.98,46.349998
121,46.040001,46.375,46.2775,46.794998,45.98,46.349998,46.9925
122,46.375,46.2775,46.794998,45.98,46.349998,46.9925,47.645
123,46.2775,46.794998,45.98,46.349998,46.9925,47.645,47.587502
124,46.794998,45.98,46.349998,46.9925,47.645,47.587502,46.970001
125,45.98,46.349998,46.9925,47.645,47.587502,46.970001,47.7575
126,46.349998,46.9925,47.645,47.587502,46.970001,47.7575,47.8325
127,46.9925,47.645,47.587502,46.970001,47.7575,47.8325,47.727501
128,47.645,47.587502,46.970001,47.7575,47.8325,47.727501,47.862499
129,47.587502,46.970001,47.7575,47.8325,47.727501,47.862499,47.599998
130,46.970001,47.7575,47.8325,47.727501,47.862499,47.599998,47.970001
131,47.7575,47.8325,47.727501,47.862499,47.599998,47.970001,47.860001
132,47.8325,47.727501,47.862499,47.599998,47.970001,47.860001,47.9025
133,47.727501,47.862499,47.599998,47.970001,47.860001,47.9025,48.25
134,47.862499,47.599998,47.970001,47.860001,47.9025,48.25,48.705002
135,47.599998,47.970001,47.860001,47.9025,48.25,48.705002,48.552502
136,47.970001,47.860001,47.9025,48.25,48.705002,48.552502,47.744999
137,47.860001,47.9025,48.25,48.705002,48.552502,47.744999,47.477501
138,47.9025,48.25,48.705002,48.552502,47.744999,47.477501,47.572498
139,48.25,48.705002,48.552502,47.744999,47.477501,47.572498,50.375
140,48.705002,48.552502,47.744999,47.477501,47.572498,50.375,51.8475
141,48.552502,47.744999,47.477501,47.572498,50.375,51.8475,51.997501
142,47.744999,47.477501,47.572498,50.375,51.8475,51.997501,52.267502
143,47.477501,47.572498,50.375,51.8475,51.997501,52.267502,51.7775
144,47.572498,50.375,51.8475,51.997501,52.267502,51.7775,51.8125
145,50.375,51.8475,51.997501,52.267502,51.7775,51.8125,52.220001
146,51.8475,51.997501,52.267502,51.7775,51.8125,52.220001,51.8825
147,51.997501,52.267502,51.7775,51.8125,52.220001,51.8825,52.217499
148,52.267502,51.7775,51.8125,52.220001,51.8825,52.217499,52.4375
149,51.7775,51.8125,52.220001,51.8825,52.217499,52.4375,52.560001
150,51.8125,52.220001,51.8825,52.217499,52.4375,52.560001,53.330002
151,52.220001,51.8825,52.217499,52.4375,52.560001,53.330002,54.395
152,51.8825,52.217499,52.4375,52.560001,53.330002,54.395,53.865002
153,52.217499,52.4375,52.560001,53.330002,54.395,53.865002,53.759998
154,52.4375,52.560001,53.330002,54.395,53.865002,53.759998,53.762501
155,52.560001,53.330002,54.395,53.865002,53.759998,53.762501,53.872501
156,53.330002,54.395,53.865002,53.759998,53.762501,53.872501,54.040001
157,54.395,53.865002,53.759998,53.762501,53.872501,54.040001,54.485001
158,53.865002,53.759998,53.762501,53.872501,54.040001,54.485001,54.924999
159,53.759998,53.762501,53.872501,54.040001,54.485001,54.924999,55.744999
160,53.762501,53.872501,54.040001,54.485001,54.924999,55.744999,56.2575
161,53.872501,54.040001,54.485001,54.924999,55.744999,56.2575,56.907501
162,54.040001,54.485001,54.924999,55.744999,56.2575,56.907501,57.09
163,54.485001,54.924999,55.744999,56.2575,56.907501,57.09,56.717499
164,54.924999,55.744999,56.2575,56.907501,57.09,56.717499,55.775002
165,55.744999,56.2575,56.907501,57.09,56.717499,55.775002,55.325001
166,56.2575,56.907501,57.09,56.717499,55.775002,55.325001,54.5825
167,56.907501,57.09,56.717499,55.775002,55.325001,54.5825,55.962502
168,57.09,56.717499,55.775002,55.325001,54.5825,55.962502,55.267502
169,56.717499,55.775002,55.325001,54.5825,55.962502,55.267502,56.602501
170,55.775002,55.325001,54.5825,55.962502,55.267502,56.602501,55.959999
171,55.325001,54.5825,55.962502,55.267502,56.602501,55.959999,54.470001
172,54.5825,55.962502,55.267502,56.602501,55.959999,54.470001,54.560001
173,55.962502,55.267502,56.602501,55.959999,54.470001,54.560001,54.592499
174,55.267502,56.602501,55.959999,54.470001,54.560001,54.592499,55.0075
175,56.602501,55.959999,54.470001,54.560001,54.592499,55.0075,54.415001
176,55.959999,54.470001,54.560001,54.592499,55.0075,54.415001,55.197498
177,54.470001,54.560001,54.592499,55.0075,54.415001,55.197498,55.547501
178,54.560001,54.592499,55.0075,54.415001,55.197498,55.547501,55.105
179,54.592499,55.0075,54.415001,55.197498,55.547501,55.105,56.237499
180,55.0075,54.415001,55.197498,55.547501,55.105,56.237499,56.435001
181,54.415001,55.197498,55.547501,55.105,56.237499,56.435001,56.814999
182,55.197498,55.547501,55.105,56.237499,56.435001,56.814999,57.32
183,55.547501,55.105,56.237499,56.435001,56.814999,57.32,58.017502
184,55.105,56.237499,56.435001,56.814999,57.32,58.017502,56.997501
185,56.237499,56.435001,56.814999,57.32,58.017502,56.997501,56.072498
186,56.435001,56.814999,57.32,58.017502,56.997501,56.072498,55.942501
187,56.814999,57.32,58.017502,56.997501,56.072498,55.942501,56.717499
188,57.32,58.017502,56.997501,56.072498,55.942501,56.717499,54.09
189,58.017502,56.997501,56.072498,55.942501,56.717499,54.09,53.612499
190,56.997501,56.072498,55.942501,56.717499,54.09,53.612499,55.5275
191,56.072498,55.942501,56.717499,54.09,53.612499,55.5275,54.34
192,55.942501,56.717499,54.09,53.612499,55.5275,54.34,55.537498
193,56.717499,54.09,53.612499,55.5275,54.34,55.537498,55.297501
194,54.09,53.612499,55.5275,54.34,55.537498,55.297501,54.005001
195,53.612499,55.5275,54.34,55.537498,55.297501,54.005001,54.827499
196,55.5275,54.34,55.537498,55.297501,54.005001,54.827499,55.162498
197,54.34,55.537498,55.297501,54.005001,54.827499,55.162498,55.682499
198,55.537498,55.297501,54.005001,54.827499,55.162498,55.682499,53.772499
199,55.297501,54.005001,54.827499,55.162498,55.682499,53.772499,54.950001
200,54.005001,54.827499,55.162498,55.682499,53.772499,54.950001,54.075001
201,54.827499,55.162498,55.682499,53.772499,54.950001,54.075001,53.060001
202,55.162498,55.682499,53.772499,54.950001,54.075001,53.060001,53.325001
203,55.682499,53.772499,54.950001,54.075001,53.060001,53.325001,54.715
204,53.772499,54.950001,54.075001,53.060001,53.325001,54.715,55.555
205,54.950001,54.075001,53.060001,53.325001,54.715,55.555,51.869999
206,54.075001,53.060001,53.325001,54.715,55.555,51.869999,50.397499
207,53.060001,53.325001,54.715,55.555,51.869999,50.397499,50.942501
208,53.325001,54.715,55.555,51.869999,50.397499,50.942501,52.487499
209,54.715,55.555,51.869999,50.397499,50.942501,52.487499,52.122501
210,55.555,51.869999,50.397499,50.942501,52.487499,52.122501,51.1175
211,51.869999,50.397499,50.942501,52.487499,52.122501,51.1175,48.5425
212,50.397499,50.942501,52.487499,52.122501,51.1175,48.5425,48.057499
213,50.942501,52.487499,52.122501,51.1175,48.5425,48.057499,46.700001
214,52.487499,52.122501,51.1175,48.5425,48.057499,46.700001,47.852501
215,52.122501,51.1175,48.5425,48.057499,46.700001,47.852501,48.3825
216,51.1175,48.5425,48.057499,46.700001,47.852501,48.3825,46.465
217,48.5425,48.057499,46.700001,47.852501,48.3825,46.465,44.244999
218,48.057499,46.700001,47.852501,48.3825,46.465,44.244999,44.195
219,46.700001,47.852501,48.3825,46.465,44.244999,44.195,43.072498
220,47.852501,48.3825,46.465,44.244999,44.195,43.072498,43.654999
221,48.3825,46.465,44.244999,44.195,43.072498,43.654999,43.560001
222,46.465,44.244999,44.195,43.072498,43.654999,43.560001,45.235001
223,44.244999,44.195,43.072498,43.654999,43.560001,45.235001,44.887501
224,44.195,43.072498,43.654999,43.560001,45.235001,44.887501,44.645
225,43.072498,43.654999,43.560001,45.235001,44.887501,44.645,46.205002
226,43.654999,43.560001,45.235001,44.887501,44.645,46.205002,44.172501
227,43.560001,45.235001,44.887501,44.645,46.205002,44.172501,43.68
228,45.235001,44.887501,44.645,46.205002,44.172501,43.68,42.122501
229,44.887501,44.645,46.205002,44.172501,43.68,42.122501,42.400002
230,44.645,46.205002,44.172501,43.68,42.122501,42.400002,42.157501
231,46.205002,44.172501,43.68,42.122501,42.400002,42.157501,42.275002
232,44.172501,43.68,42.122501,42.400002,42.157501,42.275002,42.737499
233,43.68,42.122501,42.400002,42.157501,42.275002,42.737499,41.369999
234,42.122501,42.400002,42.157501,42.275002,42.737499,41.369999,40.985001
235,42.400002,42.157501,42.275002,42.737499,41.369999,40.985001,41.517502
236,42.157501,42.275002,42.737499,41.369999,40.985001,41.517502,40.2225
237,42.275002,42.737499,41.369999,40.985001,41.517502,40.2225,39.2075
238,42.737499,41.369999,40.985001,41.517502,40.2225,39.2075,37.682499
239,41.369999,40.985001,41.517502,40.2225,39.2075,37.682499,36.7075
240,40.985001,41.517502,40.2225,39.2075,37.682499,36.7075,39.2925
241,41.517502,40.2225,39.2075,37.682499,36.7075,39.2925,39.037498
242,40.2225,39.2075,37.682499,36.7075,39.2925,39.037498,39.057499
243,39.2075,37.682499,36.7075,39.2925,39.037498,39.057499,39.435001
244,37.682499,36.7075,39.2925,39.037498,39.057499,39.435001,39.48
245,36.7075,39.2925,39.037498,39.057499,39.435001,39.48,35.547501
246,39.2925,39.037498,39.057499,39.435001,39.48,35.547501,37.064999
247,39.037498,39.057499,39.435001,39.48,35.547501,37.064999,36.982498
248,39.057499,39.435001,39.48,35.547501,37.064999,36.982498,37.6875
249,39.435001,39.48,35.547501,37.064999,36.982498,37.6875,38.327499
250,39.48,35.547501,37.064999,36.982498,37.6875,38.327499,38.450001
251,35.547501,37.064999,36.982498,37.6875,38.327499,38.450001,38.072498
252,37.064999,36.982498,37.6875,38.327499,38.450001,38.072498,37.5
253,36.982498,37.6875,38.327499,38.450001,38.072498,37.5,38.267502
254,37.6875,38.327499,38.450001,38.072498,37.5,38.267502,38.735001
255,38.327499,38.450001,38.072498,37.5,38.267502,38.735001,38.965
256,38.450001,38.072498,37.5,38.267502,38.735001,38.965,39.205002
257,38.072498,37.5,38.267502,38.735001,38.965,39.205002,38.325001
258,37.5,38.267502,38.735001,38.965,39.205002,38.325001,38.48
259,38.267502,38.735001,38.965,39.205002,38.325001,38.48,38.174999
260,38.735001,38.965,39.205002,38.325001,38.48,38.174999,39.439999
261,38.965,39.205002,38.325001,38.48,38.174999,39.439999,39.075001
262,39.205002,38.325001,38.48,38.174999,39.439999,39.075001,38.669998
263,38.325001,38.48,38.174999,39.439999,39.075001,38.669998,41.3125
264,38.48,38.174999,39.439999,39.075001,38.669998,41.3125,41.610001
265,38.174999,39.439999,39.075001,38.669998,41.3125,41.610001,41.630001
266,39.439999,39.075001,38.669998,41.3125,41.610001,41.630001,42.8125
267,39.075001,38.669998,41.3125,41.610001,41.630001,42.8125,43.544998
268,38.669998,41.3125,41.610001,41.630001,42.8125,43.544998,43.560001
269,41.3125,41.610001,41.630001,42.8125,43.544998,43.560001,42.735001
270,41.610001,41.630001,42.8125,43.544998,43.560001,42.735001,42.602501
271,41.630001,42.8125,43.544998,43.560001,42.735001,42.602501,42.357498
272,42.8125,43.544998,43.560001,42.735001,42.602501,42.357498,42.7225
273,43.544998,43.560001,42.735001,42.602501,42.357498,42.7225,42.544998
274,43.560001,42.735001,42.602501,42.357498,42.7225,42.544998,42.700001
275,42.735001,42.602501,42.357498,42.7225,42.544998,42.700001,42.605
276,42.602501,42.357498,42.7225,42.544998,42.700001,42.605,42.732498
277,42.357498,42.7225,42.544998,42.700001,42.605,42.732498,43.0075
278,42.7225,42.544998,42.700001,42.605,42.732498,43.0075,42.764999
279,42.544998,42.700001,42.605,42.732498,43.0075,42.764999,43.2425
280,42.700001,42.605,42.732498,43.0075,42.764999,43.2425,43.557499
281,42.605,42.732498,43.0075,42.764999,43.2425,43.557499,43.5825
282,42.732498,43.0075,42.764999,43.2425,43.557499,43.5825,43.717499
283,43.0075,42.764999,43.2425,43.557499,43.5825,43.717499,43.287498
284,42.764999,43.2425,43.557499,43.5825,43.717499,43.287498,43.7425
285,43.2425,43.557499,43.5825,43.717499,43.287498,43.7425,43.962502
286,43.557499,43.5825,43.717499,43.287498,43.7425,43.962502,43.8825
287,43.5825,43.717499,43.287498,43.7425,43.962502,43.8825,43.630001
288,43.717499,43.287498,43.7425,43.962502,43.8825,43.630001,43.125
289,43.287498,43.7425,43.962502,43.8825,43.630001,43.125,43.227501
290,43.7425,43.962502,43.8825,43.630001,43.125,43.227501,44.724998
291,43.962502,43.8825,43.630001,43.125,43.227501,44.724998,45.227501
292,43.8825,43.630001,43.125,43.227501,44.724998,45.227501,45.427502
293,43.630001,43.125,43.227501,44.724998,45.227501,45.427502,45.932499
294,43.125,43.227501,44.724998,45.227501,45.427502,45.932499,46.529999
295,43.227501,44.724998,45.227501,45.427502,45.932499,46.529999,47.005001
296,44.724998,45.227501,45.427502,45.932499,46.529999,47.005001,46.6325
297,45.227501,45.427502,45.932499,46.529999,47.005001,46.6325,47.040001
298,45.427502,45.932499,46.529999,47.005001,46.6325,47.040001,48.772499
299,45.932499,46.529999,47.005001,46.6325,47.040001,48.772499,47.762501
300,46.529999,47.005001,46.6325,47.040001,48.772499,47.762501,47.185001
301,47.005001,46.6325,47.040001,48.772499,47.762501,47.185001,46.697498
302,46.6325,47.040001,48.772499,47.762501,47.185001,46.697498,47.1175
303,47.040001,48.772499,47.762501,47.185001,46.697498,47.1175,47.18
304,48.772499,47.762501,47.185001,46.697498,47.1175,47.18,47.487499
305,47.762501,47.185001,46.697498,47.1175,47.18,47.487499,47.810001
306,47.185001,46.697498,47.1175,47.18,47.487499,47.810001,48.505001
307,46.697498,47.1175,47.18,47.487499,47.810001,48.505001,48.837502
308,47.1175,47.18,47.487499,47.810001,48.505001,48.837502,48.922501
309,47.18,47.487499,47.810001,48.505001,48.837502,48.922501,49.25
310,47.487499,47.810001,48.505001,48.837502,48.922501,49.25,50.025002
311,47.810001,48.505001,48.837502,48.922501,49.25,50.025002,49.875
312,48.505001,48.837502,48.922501,49.25,50.025002,49.875,50.154999
313,48.837502,48.922501,49.25,50.025002,49.875,50.154999,49.737499
314,48.922501,49.25,50.025002,49.875,50.154999,49.737499,49.717499
315,49.25,50.025002,49.875,50.154999,49.737499,49.717499,49.807499
316,50.025002,49.875,50.154999,49.737499,49.717499,49.807499,49.8125
317,49.875,50.154999,49.737499,49.717499,49.807499,49.8125,50.782501
318,50.154999,49.737499,49.717499,49.807499,49.8125,50.782501,50.965
319,49.737499,49.717499,49.807499,49.8125,50.782501,50.965,51.1325
320,49.717499,49.807499,49.8125,50.782501,50.965,51.1325,51.869999
321,49.807499,49.8125,50.782501,50.965,51.1325,51.869999,51.790001
322,49.8125,50.782501,50.965,51.1325,51.869999,51.790001,51.32
323,50.782501,50.965,51.1325,51.869999,51.790001,51.32,51.075001
324,50.965,51.1325,51.869999,51.790001,51.32,51.075001,51.1525
325,51.1325,51.869999,51.790001,51.32,51.075001,51.1525,50.1675
326,51.869999,51.790001,51.32,51.075001,51.1525,50.1675,52.630001
327,51.790001,51.32,51.075001,51.1525,50.1675,52.630001,52.287498
328,51.32,51.075001,51.1525,50.1675,52.630001,52.287498,52.9375
329,51.075001,51.1525,50.1675,52.630001,52.287498,52.9375,52.119999
330,51.1525,50.1675,52.630001,52.287498,52.9375,52.119999,50.715
331,50.1675,52.630001,52.287498,52.9375,52.119999,50.715,50.724998
332,52.630001,52.287498,52.9375,52.119999,50.715,50.724998,50.18
333,52.287498,52.9375,52.119999,50.715,50.724998,50.18,49.294998
334,52.9375,52.119999,50.715,50.724998,50.18,49.294998,46.43
335,52.119999,50.715,50.724998,50.18,49.294998,46.43,47.165001
336,50.715,50.724998,50.18,49.294998,46.43,47.165001,47.73
337,50.724998,50.18,49.294998,46.43,47.165001,47.73,47.52
338,50.18,49.294998,46.43,47.165001,47.73,47.52,47.25
339,49.294998,46.43,47.165001,47.73,47.52,47.25,45.772499
340,46.43,47.165001,47.73,47.52,47.25,45.772499,46.650002
341,47.165001,47.73,47.52,47.25,45.772499,46.650002,45.695
342,47.73,47.52,47.25,45.772499,46.650002,45.695,44.915001
343,47.52,47.25,45.772499,46.650002,45.695,44.915001,44.7425
344,47.25,45.772499,46.650002,45.695,44.915001,44.7425,44.557499
345,45.772499,46.650002,45.695,44.915001,44.7425,44.557499,44.345001
346,46.650002,45.695,44.915001,44.7425,44.557499,44.345001,44.575001
347,45.695,44.915001,44.7425,44.557499,44.345001,44.575001,43.767502
348,44.915001,44.7425,44.557499,44.345001,44.575001,43.767502,43.325001
349,44.7425,44.557499,44.345001,44.575001,43.767502,43.325001,44.91
350,44.557499,44.345001,44.575001,43.767502,43.325001,44.91,45.634998
351,44.345001,44.575001,43.767502,43.325001,44.91,45.634998,46.305
352,44.575001,43.767502,43.325001,44.91,45.634998,46.305,47.537498
353,43.767502,43.325001,44.91,45.634998,46.305,47.537498,48.145
354,43.325001,44.91,45.634998,46.305,47.537498,48.145,48.702499
355,44.91,45.634998,46.305,47.537498,48.145,48.702499,48.547501
356,45.634998,46.305,47.537498,48.145,48.702499,48.547501,48.537498
357,46.305,47.537498,48.145,48.702499,48.547501,48.537498,48.185001
358,47.537498,48.145,48.702499,48.547501,48.537498,48.185001,48.4725
359,48.145,48.702499,48.547501,48.537498,48.185001,48.4725,49.612499
360,48.702499,48.547501,48.537498,48.185001,48.4725,49.612499,49.467499
361,48.547501,48.537498,48.185001,48.4725,49.612499,49.467499,49.865002
362,48.537498,48.185001,48.4725,49.612499,49.467499,49.865002,49.695
363,48.185001,48.4725,49.612499,49.467499,49.865002,49.695,49.645
364,48.4725,49.612499,49.467499,49.865002,49.695,49.645,48.892502
365,49.612499,49.467499,49.865002,49.695,49.645,48.892502,49.950001
366,49.467499,49.865002,49.695,49.645,48.892502,49.950001,49.935001
367,49.865002,49.695,49.645,48.892502,49.950001,49.935001,49.48
368,49.695,49.645,48.892502,49.950001,49.935001,49.48,50.387501
369,49.645,48.892502,49.950001,49.935001,49.48,50.387501,50.682499
370,48.892502,49.950001,49.935001,49.48,50.387501,50.682499,51.102501
371,49.950001,49.935001,49.48,50.387501,50.682499,51.102501,51.057499
372,49.935001,49.48,50.387501,50.682499,51.102501,51.057499,50.005001
373,49.48,50.387501,50.682499,51.102501,51.057499,50.005001,50.310001
374,50.387501,50.682499,51.102501,51.057499,50.005001,50.310001,50.807499
375,50.682499,51.102501,51.057499,50.005001,50.310001,50.807499,50.4375
376,51.102501,51.057499,50.005001,50.310001,50.807499,50.4375,50.825001
377,51.057499,50.005001,50.310001,50.807499,50.4375,50.825001,51.302502
378,50.005001,50.310001,50.807499,50.4375,50.825001,51.302502,51.125
379,50.310001,50.807499,50.4375,50.825001,51.302502,51.125,50.837502
380,50.807499,50.4375,50.825001,51.302502,51.125,50.837502,51.415001
381,50.4375,50.825001,51.302502,51.125,50.837502,51.415001,50.647499
382,50.825001,51.302502,51.125,50.837502,51.415001,50.647499,51.805
383,51.302502,51.125,50.837502,51.415001,50.647499,51.805,52.209999
384,51.125,50.837502,51.415001,50.647499,51.805,52.209999,52.1675
385,50.837502,51.415001,50.647499,51.805,52.209999,52.1675,51.755001
386,51.415001,50.647499,51.805,52.209999,52.1675,51.755001,51.935001
387,50.647499,51.805,52.209999,52.1675,51.755001,51.935001,52.419998
388,51.805,52.209999,52.1675,51.755001,51.935001,52.419998,52.195
389,52.209999,52.1675,51.755001,51.935001,52.419998,52.195,53.259998
390,52.1675,51.755001,51.935001,52.419998,52.195,53.259998,52.107498
391,51.755001,51.935001,52.419998,52.195,53.259998,52.107498,51.005001
392,51.935001,52.419998,52.195,53.259998,52.107498,51.005001,48.334999
393,52.419998,52.195,53.259998,52.107498,51.005001,48.334999,49.25
394,52.195,53.259998,52.107498,51.005001,48.334999,49.25,49.759998
395,53.259998,52.107498,51.005001,48.334999,49.25,49.759998,50.857498
396,52.107498,51.005001,48.334999,49.25,49.759998,50.857498,50.247501
397,51.005001,48.334999,49.25,49.759998,50.857498,50.247501,50.119999
398,48.334999,49.25,49.759998,50.857498,50.247501,50.119999,52.2425
399,49.25,49.759998,50.857498,50.247501,50.119999,52.2425,50.6875
400,49.759998,50.857498,50.247501,50.119999,52.2425,50.6875,50.435001
401,50.857498,50.247501,50.119999,52.2425,50.6875,50.435001,51.625
402,50.247501,50.119999,52.2425,50.6875,50.435001,51.625,52.587502
403,50.119999,52.2425,50.6875,50.435001,51.625,52.587502,52.59
404,52.2425,50.6875,50.435001,51.625,52.587502,52.59,53.16
405,50.6875,50.435001,51.625,52.587502,52.59,53.16,53.115002
406,50.435001,51.625,52.587502,52.59,53.16,53.115002,50.66
407,51.625,52.587502,52.59,53.16,53.115002,50.66,51.622501
408,52.587502,52.59,53.16,53.115002,50.66,51.622501,51.040001
409,52.59,53.16,53.115002,50.66,51.622501,51.040001,51.3825
410,53.16,53.115002,50.66,51.622501,51.040001,51.3825,52.252499
411,53.115002,50.66,51.622501,51.040001,51.3825,52.252499,52.185001
412,50.66,51.622501,51.040001,51.3825,52.252499,52.185001,51.424999
413,51.622501,51.040001,51.3825,52.252499,52.185001,51.424999,52.297501
414,51.040001,51.3825,52.252499,52.185001,51.424999,52.297501,53.32
415,51.3825,52.252499,52.185001,51.424999,52.297501,53.32,53.314999
416,52.252499,52.185001,51.424999,52.297501,53.32,53.314999,53.5425
417,52.185001,51.424999,52.297501,53.32,53.314999,53.5425,54.174999
418,51.424999,52.297501,53.32,53.314999,53.5425,54.174999,55.897499
419,52.297501,53.32,53.314999,53.5425,54.174999,55.897499,55.772499
420,53.32,53.314999,53.5425,54.174999,55.897499,55.772499,54.6875
421,53.314999,53.5425,54.174999,55.897499,55.772499,54.6875,54.974998
422,53.5425,54.174999,55.897499,55.772499,54.6875,54.974998,55.174999
423,54.174999,55.897499,55.772499,54.6875,54.974998,55.174999,55.692501
424,55.897499,55.772499,54.6875,54.974998,55.174999,55.692501,55.240002
425,55.772499,54.6875,54.974998,55.174999,55.692501,55.240002,54.432499
426,54.6875,54.974998,55.174999,55.692501,55.240002,54.432499,54.68
427,54.974998,55.174999,55.692501,55.240002,54.432499,54.68,54.419998
428,55.174999,55.692501,55.240002,54.432499,54.68,54.419998,55.2575
429,55.692501,55.240002,54.432499,54.68,54.419998,55.2575,54.9725
430,55.240002,54.432499,54.68,54.419998,55.2575,54.9725,54.705002
431,54.432499,54.68,54.419998,55.2575,54.9725,54.705002,55.9925
432,54.68,54.419998,55.2575,54.9725,54.705002,55.9925,56.147499
433,54.419998,55.2575,54.9725,54.705002,55.9925,56.147499,54.740002
434,55.2575,54.9725,54.705002,55.9925,56.147499,54.740002,55.205002
435,54.9725,54.705002,55.9925,56.147499,54.740002,55.205002,56.752499
436,54.705002,55.9925,56.147499,54.740002,55.205002,56.752499,56.764999
437,55.9925,56.147499,54.740002,55.205002,56.752499,56.764999,56.099998
438,56.147499,54.740002,55.205002,56.752499,56.764999,56.099998,56.7575
439,54.740002,55.205002,56.752499,56.764999,56.099998,56.7575,57.522499
440,55.205002,56.752499,56.764999,56.099998,56.7575,57.522499,59.052502
441,56.752499,56.764999,56.099998,56.7575,57.522499,59.052502,58.967499
442,56.764999,56.099998,56.7575,57.522499,59.052502,58.967499,58.830002
443,56.099998,56.7575,57.522499,59.052502,58.967499,58.830002,58.592499
444,56.7575,57.522499,59.052502,58.967499,58.830002,58.592499,58.82
445,57.522499,59.052502,58.967499,58.830002,58.592499,58.82,59.102501
446,59.052502,58.967499,58.830002,58.592499,58.82,59.102501,60.127499
447,58.967499,58.830002,58.592499,58.82,59.102501,60.127499,59.990002
448,58.830002,58.592499,58.82,59.102501,60.127499,59.990002,60.794998
449,58.592499,58.82,59.102501,60.127499,59.990002,60.794998,60.895
450,58.82,59.102501,60.127499,59.990002,60.794998,60.895,61.645
451,59.102501,60.127499,59.990002,60.794998,60.895,61.645,62.262501
452,60.127499,59.990002,60.794998,60.895,61.645,62.262501,60.822498
453,59.990002,60.794998,60.895,61.645,62.262501,60.822498,60.814999
454,60.794998,60.895,61.645,62.262501,60.822498,60.814999,62.189999
455,60.895,61.645,62.262501,60.822498,60.814999,62.189999,63.955002
456,61.645,62.262501,60.822498,60.814999,62.189999,63.955002,64.375
457,62.262501,60.822498,60.814999,62.189999,63.955002,64.375,64.282501
458,60.822498,60.814999,62.189999,63.955002,64.375,64.282501,64.309998
459,60.814999,62.189999,63.955002,64.375,64.282501,64.309998,64.857498
460,62.189999,63.955002,64.375,64.282501,64.309998,64.857498,65.035004
461,63.955002,64.375,64.282501,64.309998,64.857498,65.035004,65.550003
462,64.375,64.282501,64.309998,64.857498,65.035004,65.550003,65.489998
463,64.282501,64.309998,64.857498,65.035004,65.550003,65.489998,66.1175
464,64.309998,64.857498,65.035004,65.550003,65.489998,66.1175,65.660004
465,64.857498,65.035004,65.550003,65.489998,66.1175,65.660004,66.440002
466,65.035004,65.550003,65.489998,66.1175,65.660004,66.440002,66.775002
467,65.550003,65.489998,66.1175,65.660004,66.440002,66.775002,66.572502
468,65.489998,66.1175,65.660004,66.440002,66.775002,66.572502,65.797501
469,66.1175,65.660004,66.440002,66.775002,66.572502,65.797501,65.502502
470,65.660004,66.440002,66.775002,66.572502,65.797501,65.502502,65.445
471,66.440002,66.775002,66.572502,65.797501,65.502502,65.445,66.592499
472,66.775002,66.572502,65.797501,65.502502,65.445,66.592499,66.072502
473,66.572502,65.797501,65.502502,65.445,66.592499,66.072502,66.959999
474,65.797501,65.502502,65.445,66.592499,66.072502,66.959999,66.8125
475,65.502502,65.445,66.592499,66.072502,66.959999,66.8125,66.040001
476,65.445,66.592499,66.072502,66.959999,66.8125,66.040001,64.862503
477,66.592499,66.072502,66.959999,66.8125,66.040001,64.862503,65.434998
478,66.072502,66.959999,66.8125,66.040001,64.862503,65.434998,66.394997
479,66.959999,66.8125,66.040001,64.862503,65.434998,66.394997,67.677498
480,66.8125,66.040001,64.862503,65.434998,66.394997,67.677498,66.730003
481,66.040001,64.862503,65.434998,66.394997,67.677498,66.730003,67.120003
482,64.862503,65.434998,66.394997,67.677498,66.730003,67.120003,67.692497
483,65.434998,66.394997,67.677498,66.730003,67.120003,67.692497,67.864998
484,66.394997,67.677498,66.730003,67.120003,67.692497,67.864998,68.787498
485,67.677498,66.730003,67.120003,67.692497,67.864998,68.787498,69.964996
486,66.730003,67.120003,67.692497,67.864998,68.787498,69.964996,70.102501
487,67.120003,67.692497,67.864998,68.787498,69.964996,70.102501,69.934998
488,67.692497,67.864998,68.787498,69.964996,70.102501,69.934998,70.004997
489,67.864998,68.787498,69.964996,70.102501,69.934998,70.004997,69.860001
490,68.787498,69.964996,70.102501,69.934998,70.004997,69.860001,71.0
491,69.964996,70.102501,69.934998,70.004997,69.860001,71.0,71.067497
492,70.102501,69.934998,70.004997,69.860001,71.0,71.067497,72.477501
493,69.934998,70.004997,69.860001,71.0,71.067497,72.477501,72.449997
494,70.004997,69.860001,71.0,71.067497,72.477501,72.449997,72.879997
495,69.860001,71.0,71.067497,72.477501,72.449997,72.879997,73.412498
496,71.0,71.067497,72.477501,72.449997,72.879997,73.412498,75.087502
497,71.067497,72.477501,72.449997,72.879997,73.412498,75.087502,74.357498
498,72.477501,72.449997,72.879997,73.412498,75.087502,74.357498,74.949997
499,72.449997,72.879997,73.412498,75.087502,74.357498,74.949997,74.597504
500,72.879997,73.412498,75.087502,74.357498,74.949997,74.597504,75.797501
501,73.412498,75.087502,74.357498,74.949997,74.597504,75.797501,77.407501
502,75.087502,74.357498,74.949997,74.597504,75.797501,77.407501,77.582497
503,74.357498,74.949997,74.597504,75.797501,77.407501,77.582497,79.239998
504,74.949997,74.597504,75.797501,77.407501,77.582497,79.239998,78.169998
505,74.597504,75.797501,77.407501,77.582497,79.239998,78.169998,77.834999
506,75.797501,77.407501,77.582497,79.239998,78.169998,77.834999,78.809998
507,77.407501,77.582497,79.239998,78.169998,77.834999,78.809998,79.682503
508,77.582497,79.239998,78.169998,77.834999,78.809998,79.682503,79.142502
509,79.239998,78.169998,77.834999,78.809998,79.682503,79.142502,79.425003
510,78.169998,77.834999,78.809998,79.682503,79.142502,79.425003,79.807503
511,77.834999,78.809998,79.682503,79.142502,79.425003,79.807503,79.577499
512,78.809998,79.682503,79.142502,79.425003,79.807503,79.577499,77.237503
513,79.682503,79.142502,79.425003,79.807503,79.577499,77.237503,79.422501
514,79.142502,79.425003,79.807503,79.577499,77.237503,79.422501,81.084999
515,79.425003,79.807503,79.577499,77.237503,79.422501,81.084999,80.967499
516,79.807503,79.577499,77.237503,79.422501,81.084999,80.967499,77.377502
517,79.577499,77.237503,79.422501,81.084999,80.967499,77.377502,77.165001
518,77.237503,79.422501,81.084999,80.967499,77.377502,77.165001,79.712502
519,79.422501,81.084999,80.967499,77.377502,77.165001,79.712502,80.362503
520,81.084999,80.967499,77.377502,77.165001,79.712502,80.362503,81.302498
521,80.967499,77.377502,77.165001,79.712502,80.362503,81.302498,80.0075
522,77.377502,77.165001,79.712502,80.362503,81.302498,80.0075,80.387497
523,77.165001,79.712502,80.362503,81.302498,80.0075,80.387497,79.902496
524,79.712502,80.362503,81.302498,80.0075,80.387497,79.902496,81.800003
525,80.362503,81.302498,80.0075,80.387497,79.902496,81.800003,81.217499
526,81.302498,80.0075,80.387497,79.902496,81.800003,81.217499,81.237503
527,80.0075,80.387497,79.902496,81.800003,81.217499,81.237503,79.75
528,80.387497,79.902496,81.800003,81.217499,81.237503,79.75,80.904999
529,79.902496,81.800003,81.217499,81.237503,79.75,80.904999,80.074997
530,81.800003,81.217499,81.237503,79.75,80.904999,80.074997,78.262497
531,81.217499,81.237503,79.75,80.904999,80.074997,78.262497,74.544998
532,81.237503,79.75,80.904999,80.074997,78.262497,74.544998,72.019997
533,79.75,80.904999,80.074997,78.262497,74.544998,72.019997,73.162498
534,80.904999,80.074997,78.262497,74.544998,72.019997,73.162498,68.379997
535,80.074997,78.262497,74.544998,72.019997,73.162498,68.379997,68.339996
536,78.262497,74.544998,72.019997,73.162498,68.379997,68.339996,74.702499
537,74.544998,72.019997,73.162498,68.379997,68.339996,74.702499,72.330002
538,72.019997,73.162498,68.379997,68.339996,74.702499,72.330002,75.684998
539,73.162498,68.379997,68.339996,74.702499,72.330002,75.684998,73.230003
540,68.379997,68.339996,74.702499,72.330002,75.684998,73.230003,72.2575
541,68.339996,74.702499,72.330002,75.684998,73.230003,72.2575,66.542503
542,74.702499,72.330002,75.684998,73.230003,72.2575,66.542503,71.334999
543,72.330002,75.684998,73.230003,72.2575,66.542503,71.334999,68.857498
544,75.684998,73.230003,72.2575,66.542503,71.334999,68.857498,62.057499
545,73.230003,72.2575,66.542503,71.334999,68.857498,62.057499,69.4925
546,72.2575,66.542503,71.334999,68.857498,62.057499,69.4925,60.552502
547,66.542503,71.334999,68.857498,62.057499,69.4925,60.552502,63.215
548,71.334999,68.857498,62.057499,69.4925,60.552502,63.215,61.6675
549,68.857498,62.057499,69.4925,60.552502,63.215,61.6675,61.195
550,62.057499,69.4925,60.552502,63.215,61.6675,61.195,57.310001
551,69.4925,60.552502,63.215,61.6675,61.195,57.310001,56.092499
552,60.552502,63.215,61.6675,61.195,57.310001,56.092499,61.720001
553,63.215,61.6675,61.195,57.310001,56.092499,61.720001,61.380001
554,61.6675,61.195,57.310001,56.092499,61.720001,61.380001,64.610001
555,61.195,57.310001,56.092499,61.720001,61.380001,64.610001,61.935001
556,57.310001,56.092499,61.720001,61.380001,64.610001,61.935001,63.702499
557,56.092499,61.720001,61.380001,64.610001,61.935001,63.702499,63.572498
558,61.720001,61.380001,64.610001,61.935001,63.702499,63.572498,60.227501
559,61.380001,64.610001,61.935001,63.702499,63.572498,60.227501,61.232498
560,64.610001,61.935001,63.702499,63.572498,60.227501,61.232498,60.352501
561,61.935001,63.702499,63.572498,60.227501,61.232498,60.352501,65.6175
562,63.702499,63.572498,60.227501,61.232498,60.352501,65.6175,64.857498
563,63.572498,60.227501,61.232498,60.352501,65.6175,64.857498,66.517502
564,60.227501,61.232498,60.352501,65.6175,64.857498,66.517502,66.997498
565,61.232498,60.352501,65.6175,64.857498,66.517502,66.997498,68.3125
566,60.352501,65.6175,64.857498,66.517502,66.997498,68.3125,71.762497
567,65.6175,64.857498,66.517502,66.997498,68.3125,71.762497,71.107498
568,64.857498,66.517502,66.997498,68.3125,71.762497,71.107498,71.672501
569,66.517502,66.997498,68.3125,71.762497,71.107498,71.672501,70.699997
570,66.997498,68.3125,71.762497,71.107498,71.672501,70.699997,69.232498
571,68.3125,71.762497,71.107498,71.672501,70.699997,69.232498,67.092499
572,71.762497,71.107498,71.672501,70.699997,69.232498,67.092499,69.025002
573,71.107498,71.672501,70.699997,69.232498,67.092499,69.025002,68.7575
574,71.672501,70.699997,69.232498,67.092499,69.025002,68.7575,70.7425
575,70.699997,69.232498,67.092499,69.025002,68.7575,70.7425,70.792503
576,69.232498,67.092499,69.025002,68.7575,70.7425,70.792503,69.644997
577,67.092499,69.025002,68.7575,70.7425,70.792503,69.644997,71.932503
578,69.025002,68.7575,70.7425,70.792503,69.644997,71.932503,73.449997
579,68.7575,70.7425,70.792503,69.644997,71.932503,73.449997,72.267502
580,70.7425,70.792503,69.644997,71.932503,73.449997,72.267502,73.290001
581,70.792503,69.644997,71.932503,73.449997,72.267502,73.290001,74.389999
582,69.644997,71.932503,73.449997,72.267502,73.290001,74.389999,75.157501
583,71.932503,73.449997,72.267502,73.290001,74.389999,75.157501,75.934998
584,73.449997,72.267502,73.290001,74.389999,75.157501,75.934998,77.532501
585,72.267502,73.290001,74.389999,75.157501,75.934998,77.532501,78.752502
586,73.290001,74.389999,75.157501,75.934998,77.532501,78.752502,77.852501
587,74.389999,75.157501,75.934998,77.532501,78.752502,77.852501,76.912498
588,75.157501,75.934998,77.532501,78.752502,77.852501,76.912498,77.385002
589,75.934998,77.532501,78.752502,77.852501,76.912498,77.385002,76.927498
590,77.532501,78.752502,77.852501,76.912498,77.385002,76.927498,78.739998
591,78.752502,77.852501,76.912498,77.385002,76.927498,78.739998,78.285004
592,77.852501,76.912498,77.385002,76.927498,78.739998,78.285004,79.807503
593,76.912498,77.385002,76.927498,78.739998,78.285004,79.807503,79.212502
594,77.385002,76.927498,78.739998,78.285004,79.807503,79.212502,79.722504
595,76.927498,78.739998,78.285004,79.807503,79.212502,79.722504,79.182503
596,78.739998,78.285004,79.807503,79.212502,79.722504,79.182503,79.527496
597,78.285004,79.807503,79.212502,79.722504,79.182503,79.527496,79.5625
598,79.807503,79.212502,79.722504,79.182503,79.527496,79.5625,79.485001
599,79.212502,79.722504,79.182503,79.527496,79.5625,79.485001,80.462502
600,79.722504,79.182503,79.527496,79.5625,79.485001,80.462502,80.834999
601,79.182503,79.527496,79.5625,79.485001,80.462502,80.834999,81.279999
602,79.527496,79.5625,79.485001,80.462502,80.834999,81.279999,80.580002
603,79.5625,79.485001,80.462502,80.834999,81.279999,80.580002,82.875
604,79.485001,80.462502,80.834999,81.279999,80.580002,82.875,83.364998
605,80.462502,80.834999,81.279999,80.580002,82.875,83.364998,85.997498
606,80.834999,81.279999,80.580002,82.875,83.364998,85.997498,88.209999
607,81.279999,80.580002,82.875,83.364998,85.997498,88.209999,83.974998
608,80.580002,82.875,83.364998,85.997498,88.209999,83.974998,84.699997
609,82.875,83.364998,85.997498,88.209999,83.974998,84.699997,85.747498
610,83.364998,85.997498,88.209999,83.974998,84.699997,85.747498,88.019997
611,85.997498,88.209999,83.974998,84.699997,85.747498,88.019997,87.897499
612,88.209999,83.974998,84.699997,85.747498,88.019997,87.897499,87.932503
613,83.974998,84.699997,85.747498,88.019997,87.897499,87.932503,87.43
614,84.699997,85.747498,88.019997,87.897499,87.932503,87.43,89.717499
615,85.747498,88.019997,87.897499,87.932503,87.43,89.717499,91.6325
616,88.019997,87.897499,87.932503,87.43,89.717499,91.6325,90.014999
617,87.897499,87.932503,87.43,89.717499,91.6325,90.014999,91.209999
618,87.932503,87.43,89.717499,91.6325,90.014999,91.209999,88.407501
619,87.43,89.717499,91.6325,90.014999,91.209999,88.407501,90.445
620,89.717499,91.6325,90.014999,91.209999,88.407501,90.445,91.199997
621,91.6325,90.014999,91.209999,88.407501,90.445,91.199997,91.027496
622,90.014999,91.209999,88.407501,90.445,91.199997,91.027496,91.027496
623,91.209999,88.407501,90.445,91.199997,91.027496,91.027496,93.462502
624,88.407501,90.445,91.199997,91.027496,91.027496,93.462502,93.172501
625,90.445,91.199997,91.027496,91.027496,93.462502,93.172501,95.342499
626,91.199997,91.027496,91.027496,93.462502,93.172501,95.342499,95.752502
627,91.027496,91.027496,93.462502,93.172501,95.342499,95.752502,95.919998
628,91.027496,93.462502,93.172501,95.342499,95.752502,95.919998,95.477501
629,93.462502,93.172501,95.342499,95.752502,95.919998,95.477501,97.057503
630,93.172501,95.342499,95.752502,95.919998,95.477501,97.057503,97.724998
631,95.342499,95.752502,95.919998,95.477501,97.057503,97.724998,96.522499
632,95.752502,95.919998,95.477501,97.057503,97.724998,96.522499,96.327499
633,95.919998,95.477501,97.057503,97.724998,96.522499,96.327499,98.357498
634,95.477501,97.057503,97.724998,96.522499,96.327499,98.357498,97.0
635,97.057503,97.724998,96.522499,96.327499,98.357498,97.0,97.272499
636,97.724998,96.522499,96.327499,98.357498,97.0,97.272499,92.845001
637,96.522499,96.327499,98.357498,97.0,97.272499,92.845001,92.614998
638,96.327499,98.357498,97.0,97.272499,92.845001,92.614998,94.809998
639,98.357498,97.0,97.272499,92.845001,92.614998,94.809998,93.252502
640,97.0,97.272499,92.845001,92.614998,94.809998,93.252502,95.040001
641,97.272499,92.845001,92.614998,94.809998,93.252502,95.040001,96.190002
642,92.845001,92.614998,94.809998,93.252502,95.040001,96.190002,106.260002
643,92.614998,94.809998,93.252502,95.040001,96.190002,106.260002,108.9375
644,94.809998,93.252502,95.040001,96.190002,106.260002,108.9375,109.665001
645,93.252502,95.040001,96.190002,106.260002,108.9375,109.665001,110.0625
646,95.040001,96.190002,106.260002,108.9375,109.665001,110.0625,113.902496
647,96.190002,106.260002,108.9375,109.665001,110.0625,113.902496,111.112503
648,106.260002,108.9375,109.665001,110.0625,113.902496,111.112503,112.727501
649,108.9375,109.665001,110.0625,113.902496,111.112503,112.727501,109.375
650,109.665001,110.0625,113.902496,111.112503,112.727501,109.375,113.010002
651,110.0625,113.902496,111.112503,112.727501,109.375,113.010002,115.010002
652,113.902496,111.112503,112.727501,109.375,113.010002,115.010002,114.907501
653,111.112503,112.727501,109.375,113.010002,115.010002,114.907501,114.607498
654,112.727501,109.375,113.010002,115.010002,114.907501,114.607498,115.5625
655,109.375,113.010002,115.010002,114.907501,114.607498,115.5625,115.707497
656,113.010002,115.010002,114.907501,114.607498,115.5625,115.707497,118.275002
657,115.010002,114.907501,114.607498,115.5625,115.707497,118.275002,124.370003
658,114.907501,114.607498,115.5625,115.707497,118.275002,124.370003,125.857498
659,114.607498,115.5625,115.707497,118.275002,124.370003,125.857498,124.824997
660,115.5625,115.707497,118.275002,124.370003,125.857498,124.824997,126.522499
661,115.707497,118.275002,124.370003,125.857498,124.824997,126.522499,125.010002
662,118.275002,124.370003,125.857498,124.824997,126.522499,125.010002,124.807503
663,124.370003,125.857498,124.824997,126.522499,125.010002,124.807503,129.039993
664,125.857498,124.824997,126.522499,125.010002,124.807503,129.039993,134.179993
665,124.824997,126.522499,125.010002,124.807503,129.039993,134.179993,131.399994
666,126.522499,125.010002,124.807503,129.039993,134.179993,131.399994,120.879997
667,125.010002,124.807503,129.039993,134.179993,131.399994,120.879997,120.959999
668,124.807503,129.039993,134.179993,131.399994,120.879997,120.959999,112.82
669,129.039993,134.179993,131.399994,120.879997,120.959999,112.82,117.32
670,134.179993,131.399994,120.879997,120.959999,112.82,117.32,113.489998
671,131.399994,120.879997,120.959999,112.82,117.32,113.489998,112.0
672,120.879997,120.959999,112.82,117.32,113.489998,112.0,115.360001
673,120.959999,112.82,117.32,113.489998,112.0,115.360001,115.540001
674,112.82,117.32,113.489998,112.0,115.360001,115.540001,112.129997
675,117.32,113.489998,112.0,115.360001,115.540001,112.129997,110.339996
676,113.489998,112.0,115.360001,115.540001,112.129997,110.339996,106.839996
677,112.0,115.360001,115.540001,112.129997,110.339996,106.839996,110.080002
678,115.360001,115.540001,112.129997,110.339996,106.839996,110.080002,111.809998
679,115.540001,112.129997,110.339996,106.839996,110.080002,111.809998,107.120003
680,112.129997,110.339996,106.839996,110.080002,111.809998,107.120003,108.220001
681,110.339996,106.839996,110.080002,111.809998,107.120003,108.220001,112.279999
682,106.839996,110.080002,111.809998,107.120003,108.220001,112.279999,114.959999
683,110.080002,111.809998,107.120003,108.220001,112.279999,114.959999,114.089996
684,111.809998,107.120003,108.220001,112.279999,114.959999,114.089996,115.809998
685,107.120003,108.220001,112.279999,114.959999,114.089996,115.809998,116.790001
686,108.220001,112.279999,114.959999,114.089996,115.809998,116.790001,113.019997
687,112.279999,114.959999,114.089996,115.809998,116.790001,113.019997,116.5
688,114.959999,114.089996,115.809998,116.790001,113.019997,116.5,113.160004
689,114.089996,115.809998,116.790001,113.019997,116.5,113.160004,115.080002
690,115.809998,116.790001,113.019997,116.5,113.160004,115.080002,114.970001
691,116.790001,113.019997,116.5,113.160004,115.080002,114.970001,116.970001
692,113.019997,116.5,113.160004,115.080002,114.970001,116.970001,124.400002
693,116.5,113.160004,115.080002,114.970001,116.970001,124.400002,121.099998
694,113.160004,115.080002,114.970001,116.970001,124.400002,121.099998,121.190002
695,115.080002,114.970001,116.970001,124.400002,121.099998,121.190002,120.709999
696,114.970001,116.970001,124.400002,121.099998,121.190002,120.709999,119.019997
697,116.970001,124.400002,121.099998,121.190002,120.709999,119.019997,115.980003
698,124.400002,121.099998,121.190002,120.709999,119.019997,115.980003,117.510002
699,121.099998,121.190002,120.709999,119.019997,115.980003,117.510002,116.870003
700,121.190002,120.709999,119.019997,115.980003,117.510002,116.870003,115.75
701,120.709999,119.019997,115.980003,117.510002,116.870003,115.75,115.040001
702,119.019997,115.980003,117.510002,116.870003,115.75,115.040001,115.050003
703,115.980003,117.510002,116.870003,115.75,115.040001,115.050003,116.599998
704,117.510002,116.870003,115.75,115.040001,115.050003,116.599998,111.199997
705,116.870003,115.75,115.040001,115.050003,116.599998,111.199997,115.32
706,115.75,115.040001,115.050003,116.599998,111.199997,115.32,108.860001
707,115.040001,115.050003,116.599998,111.199997,115.32,108.860001,108.769997
708,115.050003,116.599998,111.199997,115.32,108.860001,108.769997,110.440002
709,116.599998,111.199997,115.32,108.860001,108.769997,110.440002,114.949997
710,111.199997,115.32,108.860001,108.769997,110.440002,114.949997,119.029999
711,115.32,108.860001,108.769997,110.440002,114.949997,119.029999,118.690002
712,108.860001,108.769997,110.440002,114.949997,119.029999,118.690002,116.32
713,108.769997,110.440002,114.949997,119.029999,118.690002,116.32,115.970001
714,110.440002,114.949997,119.029999,118.690002,116.32,115.970001,119.489998
715,114.949997,119.029999,118.690002,116.32,115.970001,119.489998,119.209999
716,119.029999,118.690002,116.32,115.970001,119.489998,119.209999,119.260002
717,118.690002,116.32,115.970001,119.489998,119.209999,119.260002,120.300003
718,116.32,115.970001,119.489998,119.209999,119.260002,120.300003,119.389999
719,115.970001,119.489998,119.209999,119.260002,120.300003,119.389999,118.029999
720,119.489998,119.209999,119.260002,120.300003,119.389999,118.029999,118.639999
721,119.209999,119.260002,120.300003,119.389999,118.029999,118.639999,117.339996
722,119.260002,120.300003,119.389999,118.029999,118.639999,117.339996,113.849998
723,120.300003,119.389999,118.029999,118.639999,117.339996,113.849998,115.169998
724,119.389999,118.029999,118.639999,117.339996,113.849998,115.169998,116.029999
725,118.029999,118.639999,117.339996,113.849998,115.169998,116.029999,116.589996
726,118.639999,117.339996,113.849998,115.169998,116.029999,116.589996,119.050003
727,117.339996,113.849998,115.169998,116.029999,116.589996,119.050003,122.720001
728,113.849998,115.169998,116.029999,116.589996,119.050003,122.720001,123.080002
729,115.169998,116.029999,116.589996,119.050003,122.720001,123.080002,122.940002
730,116.029999,116.589996,119.050003,122.720001,123.080002,122.940002,122.25
731,116.589996,119.050003,122.720001,123.080002,122.940002,122.25,123.75
732,119.050003,122.720001,123.080002,122.940002,122.25,123.75,124.379997
733,122.720001,123.080002,122.940002,122.25,123.75,124.379997,121.779999
734,123.080002,122.940002,122.25,123.75,124.379997,121.779999,123.239998
735,122.940002,122.25,123.75,124.379997,121.779999,123.239998,122.410004
736,122.25,123.75,124.379997,121.779999,123.239998,122.410004,121.779999
737,123.75,124.379997,121.779999,123.239998,122.410004,121.779999,127.879997
738,124.379997,121.779999,123.239998,122.410004,121.779999,127.879997,127.809998
739,121.779999,123.239998,122.410004,121.779999,127.879997,127.809998,128.699997
740,123.239998,122.410004,121.779999,127.879997,127.809998,128.699997,126.660004
741,122.410004,121.779999,127.879997,127.809998,128.699997,126.660004,128.229996
742,121.779999,127.879997,127.809998,128.699997,126.660004,128.229996,131.880005
743,127.879997,127.809998,128.699997,126.660004,128.229996,131.880005,130.960007
744,127.809998,128.699997,126.660004,128.229996,131.880005,130.960007,131.970001
745,128.699997,126.660004,128.229996,131.880005,130.960007,131.970001,136.690002
746,126.660004,128.229996,131.880005,130.960007,131.970001,136.690002,134.869995
747,128.229996,131.880005,130.960007,131.970001,136.690002,134.869995,133.720001
748,131.880005,130.960007,131.970001,136.690002,134.869995,133.720001,132.690002
749,130.960007,131.970001,136.690002,134.869995,133.720001,132.690002,129.410004
750,131.970001,136.690002,134.869995,133.720001,132.690002,129.410004,131.009995
751,136.690002,134.869995,133.720001,132.690002,129.410004,131.009995,126.599998
752,134.869995,133.720001,132.690002,129.410004,131.009995,126.599998,130.919998
753,133.720001,132.690002,129.410004,131.009995,126.599998,130.919998,132.050003
754,132.690002,129.410004,131.009995,126.599998,130.919998,132.050003,128.979996
755,129.410004,131.009995,126.599998,130.919998,132.050003,128.979996,128.800003
756,131.009995,126.599998,130.919998,132.050003,128.979996,128.800003,130.889999
757,126.599998,130.919998,132.050003,128.979996,128.800003,130.889999,128.910004
758,130.919998,132.050003,128.979996,128.800003,130.889999,128.910004,127.139999
759,132.050003,128.979996,128.800003,130.889999,128.910004,127.139999,127.830002
760,128.979996,128.800003,130.889999,128.910004,127.139999,127.830002,132.029999
761,128.800003,130.889999,128.910004,127.139999,127.830002,132.029999,136.869995
762,130.889999,128.910004,127.139999,127.830002,132.029999,136.869995,139.070007
763,128.910004,127.139999,127.830002,132.029999,136.869995,139.070007,142.919998
764,127.139999,127.830002,132.029999,136.869995,139.070007,142.919998,143.160004
765,127.830002,132.029999,136.869995,139.070007,142.919998,143.160004,142.059998
766,132.029999,136.869995,139.070007,142.919998,143.160004,142.059998,137.089996
767,136.869995,139.070007,142.919998,143.160004,142.059998,137.089996,131.960007
768,139.070007,142.919998,143.160004,142.059998,137.089996,131.960007,134.139999
769,142.919998,143.160004,142.059998,137.089996,131.960007,134.139999,134.990005
770,143.160004,142.059998,137.089996,131.960007,134.139999,134.990005,133.940002
771,142.059998,137.089996,131.960007,134.139999,134.990005,133.940002,137.389999
772,137.089996,131.960007,134.139999,134.990005,133.940002,137.389999,136.759995
773,131.960007,134.139999,134.990005,133.940002,137.389999,136.759995,136.910004
774,134.139999,134.990005,133.940002,137.389999,136.759995,136.910004,136.009995
775,134.990005,133.940002,137.389999,136.759995,136.910004,136.009995,135.389999
776,133.940002,137.389999,136.759995,136.910004,136.009995,135.389999,135.130005
777,137.389999,136.759995,136.910004,136.009995,135.389999,135.130005,135.369995
778,136.759995,136.910004,136.009995,135.389999,135.130005,135.369995,133.190002
779,136.910004,136.009995,135.389999,135.130005,135.369995,133.190002,130.839996
780,136.009995,135.389999,135.130005,135.369995,133.190002,130.839996,129.710007
781,135.389999,135.130005,135.369995,133.190002,130.839996,129.710007,129.869995
782,135.130005,135.369995,133.190002,130.839996,129.710007,129.869995,126.0
783,135.369995,133.190002,130.839996,129.710007,129.869995,126.0,125.860001
784,133.190002,130.839996,129.710007,129.869995,126.0,125.860001,125.349998
785,130.839996,129.710007,129.869995,126.0,125.860001,125.349998,120.989998
786,129.710007,129.869995,126.0,125.860001,125.349998,120.989998,121.260002
787,129.869995,126.0,125.860001,125.349998,120.989998,121.260002,127.790001
788,126.0,125.860001,125.349998,120.989998,121.260002,127.790001,125.120003
789,125.860001,125.349998,120.989998,121.260002,127.790001,125.120003,122.059998
790,125.349998,120.989998,121.260002,127.790001,125.120003,122.059998,120.129997
791,120.989998,121.260002,127.790001,125.120003,122.059998,120.129997,121.419998
792,121.260002,127.790001,125.120003,122.059998,120.129997,121.419998,116.360001
793,127.790001,125.120003,122.059998,120.129997,121.419998,116.360001,121.089996
794,125.120003,122.059998,120.129997,121.419998,116.360001,121.089996,119.980003
795,122.059998,120.129997,121.419998,116.360001,121.089996,119.980003,121.959999
796,120.129997,121.419998,116.360001,121.089996,119.980003,121.959999,121.029999
797,121.419998,116.360001,121.089996,119.980003,121.959999,121.029999,123.989998
798,116.360001,121.089996,119.980003,121.959999,121.029999,123.989998,125.57
799,121.089996,119.980003,121.959999,121.029999,123.989998,125.57,124.760002
800,119.980003,121.959999,121.029999,123.989998,125.57,124.760002,120.529999
801,121.959999,121.029999,123.989998,125.57,124.760002,120.529999,119.989998
802,121.029999,123.989998,125.57,124.760002,120.529999,119.989998,123.389999
803,123.989998,125.57,124.760002,120.529999,119.989998,123.389999,122.540001
804,125.57,124.760002,120.529999,119.989998,123.389999,122.540001,120.089996
805,124.760002,120.529999,119.989998,123.389999,122.540001,120.089996,120.589996
806,120.529999,119.989998,123.389999,122.540001,120.089996,120.589996,121.209999
807,119.989998,123.389999,122.540001,120.089996,120.589996,121.209999,121.389999
808,123.389999,122.540001,120.089996,120.589996,121.209999,121.389999,119.900002
809,122.540001,120.089996,120.589996,121.209999,121.389999,119.900002,122.150002
810,120.089996,120.589996,121.209999,121.389999,119.900002,122.150002,123.0
811,120.589996,121.209999,121.389999,119.900002,122.150002,123.0,125.900002
812,121.209999,121.389999,119.900002,122.150002,123.0,125.900002,126.209999
813,121.389999,119.900002,122.150002,123.0,125.900002,126.209999,127.900002
814,119.900002,122.150002,123.0,125.900002,126.209999,127.900002,130.360001
815,122.150002,123.0,125.900002,126.209999,127.900002,130.360001,133.0
816,123.0,125.900002,126.209999,127.900002,130.360001,133.0,131.240005
817,125.900002,126.209999,127.900002,130.360001,133.0,131.240005,134.429993
818,126.209999,127.900002,130.360001,133.0,131.240005,134.429993,132.029999
819,127.900002,130.360001,133.0,131.240005,134.429993,132.029999,134.5
820,130.360001,133.0,131.240005,134.429993,132.029999,134.5,134.160004
821,133.0,131.240005,134.429993,132.029999,134.5,134.160004,134.839996
822,131.240005,134.429993,132.029999,134.5,134.160004,134.839996,133.110001
823,134.429993,132.029999,134.5,134.160004,134.839996,133.110001,133.5
824,132.029999,134.5,134.160004,134.839996,133.110001,133.5,131.940002
825,134.5,134.160004,134.839996,133.110001,133.5,131.940002,134.320007
826,134.160004,134.839996,133.110001,133.5,131.940002,134.320007,134.720001
827,134.839996,133.110001,133.5,131.940002,134.320007,134.720001,134.389999
828,133.110001,133.5,131.940002,134.320007,134.720001,134.389999,133.580002
829,133.5,131.940002,134.320007,134.720001,134.389999,133.580002,133.479996
830,131.940002,134.320007,134.720001,134.389999,133.580002,133.479996,131.460007
831,134.320007,134.720001,134.389999,133.580002,133.479996,131.460007,132.539993
832,134.720001,134.389999,133.580002,133.479996,131.460007,132.539993,127.849998
833,134.389999,133.580002,133.479996,131.460007,132.539993,127.849998,128.100006
834,133.580002,133.479996,131.460007,132.539993,127.849998,128.100006,129.740005
835,133.479996,131.460007,132.539993,127.849998,128.100006,129.740005,130.210007
836,131.460007,132.539993,127.849998,128.100006,129.740005,130.210007,126.849998
837,132.539993,127.849998,128.100006,129.740005,130.210007,126.849998,125.910004
838,127.849998,128.100006,129.740005,130.210007,126.849998,125.910004,122.769997
839,128.100006,129.740005,130.210007,126.849998,125.910004,122.769997,124.970001
840,129.740005,130.210007,126.849998,125.910004,122.769997,124.970001,127.449997
841,130.210007,126.849998,125.910004,122.769997,124.970001,127.449997,126.269997
842,126.849998,125.910004,122.769997,124.970001,127.449997,126.269997,124.849998
843,125.910004,122.769997,124.970001,127.449997,126.269997,124.849998,124.690002
844,122.769997,124.970001,127.449997,126.269997,124.849998,124.690002,127.309998
845,124.970001,127.449997,126.269997,124.849998,124.690002,127.309998,125.43
846,127.449997,126.269997,124.849998,124.690002,127.309998,125.43,127.099998
847,126.269997,124.849998,124.690002,127.309998,125.43,127.099998,126.900002
848,124.849998,124.690002,127.309998,125.43,127.099998,126.900002,126.849998
849,124.690002,127.309998,125.43,127.099998,126.900002,126.849998,125.279999
850,127.309998,125.43,127.099998,126.900002,126.849998,125.279999,124.610001
851,125.43,127.099998,126.900002,126.849998,125.279999,124.610001,124.279999
852,127.099998,126.900002,126.849998,125.279999,124.610001,124.279999,125.059998
853,126.900002,126.849998,125.279999,124.610001,124.279999,125.059998,123.540001
854,126.849998,125.279999,124.610001,124.279999,125.059998,123.540001,125.889999
855,125.279999,124.610001,124.279999,125.059998,123.540001,125.889999,125.900002
856,124.610001,124.279999,125.059998,123.540001,125.889999,125.900002,126.739998
857,124.279999,125.059998,123.540001,125.889999,125.900002,126.739998,127.129997
858,125.059998,123.540001,125.889999,125.900002,126.739998,127.129997,126.110001
859,123.540001,125.889999,125.900002,126.739998,127.129997,126.110001,127.349998
860,125.889999,125.900002,126.739998,127.129997,126.110001,127.349998,130.479996
861,125.900002,126.739998,127.129997,126.110001,127.349998,130.479996,129.639999
862,126.739998,127.129997,126.110001,127.349998,130.479996,129.639999,130.149994
863,127.129997,126.110001,127.349998,130.479996,129.639999,130.149994,131.789993
864,126.110001,127.349998,130.479996,129.639999,130.149994,131.789993,130.460007
865,127.349998,130.479996,129.639999,130.149994,131.789993,130.460007,132.300003
866,130.479996,129.639999,130.149994,131.789993,130.460007,132.300003,133.979996
867,129.639999,130.149994,131.789993,130.460007,132.300003,133.979996,133.699997
868,130.149994,131.789993,130.460007,132.300003,133.979996,133.699997,133.410004
869,131.789993,130.460007,132.300003,133.979996,133.699997,133.410004,133.110001
870,130.460007,132.300003,133.979996,133.699997,133.410004,133.110001,134.779999
871,132.300003,133.979996,133.699997,133.410004,133.110001,134.779999,136.330002
872,133.979996,133.699997,133.410004,133.110001,134.779999,136.330002,136.960007
873,133.699997,133.410004,133.110001,134.779999,136.330002,136.960007,137.270004
874,133.410004,133.110001,134.779999,136.330002,136.960007,137.270004,139.960007
875,133.110001,134.779999,136.330002,136.960007,137.270004,139.960007,142.020004
876,134.779999,136.330002,136.960007,137.270004,139.960007,142.020004,144.570007
877,136.330002,136.960007,137.270004,139.960007,142.020004,144.570007,143.240005
878,136.960007,137.270004,139.960007,142.020004,144.570007,143.240005,145.110001
879,137.270004,139.960007,142.020004,144.570007,143.240005,145.110001,144.5
880,139.960007,142.020004,144.570007,143.240005,145.110001,144.5,145.639999
881,142.020004,144.570007,143.240005,145.110001,144.5,145.639999,149.149994
882,144.570007,143.240005,145.110001,144.5,145.639999,149.149994,148.479996
883,143.240005,145.110001,144.5,145.639999,149.149994,148.479996,146.389999
884,145.110001,144.5,145.639999,149.149994,148.479996,146.389999,142.449997
885,144.5,145.639999,149.149994,148.479996,146.389999,142.449997,146.149994
886,145.639999,149.149994,148.479996,146.389999,142.449997,146.149994,145.399994
887,149.149994,148.479996,146.389999,142.449997,146.149994,145.399994,146.800003
888,148.479996,146.389999,142.449997,146.149994,145.399994,146.800003,148.559998
889,146.389999,142.449997,146.149994,145.399994,146.800003,148.559998,148.990005
890,142.449997,146.149994,145.399994,146.800003,148.559998,148.990005,146.770004
891,146.149994,145.399994,146.800003,148.559998,148.990005,146.770004,144.979996
892,145.399994,146.800003,148.559998,148.990005,146.770004,144.979996,145.639999
893,146.800003,148.559998,148.990005,146.770004,144.979996,145.639999,145.860001
894,148.559998,148.990005,146.770004,144.979996,145.639999,145.860001,145.520004
895,148.990005,146.770004,144.979996,145.639999,145.860001,145.520004,147.360001
896,146.770004,144.979996,145.639999,145.860001,145.520004,147.360001,146.949997
897,144.979996,145.639999,145.860001,145.520004,147.360001,146.949997,147.059998
898,145.639999,145.860001,145.520004,147.360001,146.949997,147.059998,146.139999
899,145.860001,145.520004,147.360001,146.949997,147.059998,146.139999,146.089996
900,145.520004,147.360001,146.949997,147.059998,146.139999,146.089996,145.600006
901,147.360001,146.949997,147.059998,146.139999,146.089996,145.600006,145.860001
902,146.949997,147.059998,146.139999,146.089996,145.600006,145.860001,148.889999
903,147.059998,146.139999,146.089996,145.600006,145.860001,148.889999,149.100006
904,146.139999,146.089996,145.600006,145.860001,148.889999,149.100006,151.119995
905,146.089996,145.600006,145.860001,148.889999,149.100006,151.119995,150.190002
906,145.600006,145.860001,148.889999,149.100006,151.119995,150.190002,146.360001
907,145.860001,148.889999,149.100006,151.119995,150.190002,146.360001,146.699997
908,148.889999,149.100006,151.119995,150.190002,146.360001,146.699997,148.190002
909,149.100006,151.119995,150.190002,146.360001,146.699997,148.190002,149.710007
910,151.119995,150.190002,146.360001,146.699997,148.190002,149.710007,149.619995
911,150.190002,146.360001,146.699997,148.190002,149.710007,149.619995,148.360001
912,146.360001,146.699997,148.190002,149.710007,149.619995,148.360001,147.539993
913,146.699997,148.190002,149.710007,149.619995,148.360001,147.539993,148.600006
914,148.190002,149.710007,149.619995,148.360001,147.539993,148.600006,153.119995
915,149.710007,149.619995,148.360001,147.539993,148.600006,153.119995,151.830002
916,149.619995,148.360001,147.539993,148.600006,153.119995,151.830002,152.509995
917,148.360001,147.539993,148.600006,153.119995,151.830002,152.509995,153.649994
918,147.539993,148.600006,153.119995,151.830002,152.509995,153.649994,154.300003
919,148.600006,153.119995,151.830002,152.509995,153.649994,154.300003,156.690002
920,153.119995,151.830002,152.509995,153.649994,154.300003,156.690002,155.110001
921,151.830002,152.509995,153.649994,154.300003,156.690002,155.110001,154.070007
922,152.509995,153.649994,154.300003,156.690002,155.110001,154.070007,148.970001
923,153.649994,154.300003,156.690002,155.110001,154.070007,148.970001,149.550003
924,154.300003,156.690002,155.110001,154.070007,148.970001,149.550003,148.119995
925,156.690002,155.110001,154.070007,148.970001,149.550003,148.119995,149.029999
926,155.110001,154.070007,148.970001,149.550003,148.119995,149.029999,148.789993
927,154.070007,148.970001,149.550003,148.119995,149.029999,148.789993,146.059998
928,148.970001,149.550003,148.119995,149.029999,148.789993,146.059998,142.940002
929,149.550003,148.119995,149.029999,148.789993,146.059998,142.940002,143.429993
930,148.119995,149.029999,148.789993,146.059998,142.940002,143.429993,145.850006
931,149.029999,148.789993,146.059998,142.940002,143.429993,145.850006,146.830002
932,148.789993,146.059998,142.940002,143.429993,145.850006,146.830002,146.919998
933,146.059998,142.940002,143.429993,145.850006,146.830002,146.919998,145.369995
934,142.940002,143.429993,145.850006,146.830002,146.919998,145.369995,141.910004
935,143.429993,145.850006,146.830002,146.919998,145.369995,141.910004,142.830002
936,145.850006,146.830002,146.919998,145.369995,141.910004,142.830002,141.5
937,146.830002,146.919998,145.369995,141.910004,142.830002,141.5,142.649994
938,146.919998,145.369995,141.910004,142.830002,141.5,142.649994,139.139999
939,145.369995,141.910004,142.830002,141.5,142.649994,139.139999,141.110001
940,141.910004,142.830002,141.5,142.649994,139.139999,141.110001,142.0
941,142.830002,141.5,142.649994,139.139999,141.110001,142.0,143.289993
942,141.5,142.649994,139.139999,141.110001,142.0,143.289993,142.899994
943,142.649994,139.139999,141.110001,142.0,143.289993,142.899994,142.809998
944,139.139999,141.110001,142.0,143.289993,142.899994,142.809998,141.509995
945,141.110001,142.0,143.289993,142.899994,142.809998,141.509995,140.910004
946,142.0,143.289993,142.899994,142.809998,141.509995,140.910004,143.759995
947,143.289993,142.899994,142.809998,141.509995,140.910004,143.759995,144.839996
948,142.899994,142.809998,141.509995,140.910004,143.759995,144.839996,146.550003
949,142.809998,141.509995,140.910004,143.759995,144.839996,146.550003,148.759995
950,141.509995,140.910004,143.759995,144.839996,146.550003,148.759995,149.259995
951,140.910004,143.759995,144.839996,146.550003,148.759995,149.259995,149.479996
952,143.759995,144.839996,146.550003,148.759995,149.259995,149.479996,148.690002
953,144.839996,146.550003,148.759995,149.259995,149.479996,148.690002,148.639999
954,146.550003,148.759995,149.259995,149.479996,148.690002,148.639999,149.320007
955,148.759995,149.259995,149.479996,148.690002,148.639999,149.320007,148.850006
956,149.259995,149.479996,148.690002,148.639999,149.320007,148.850006,152.570007
957,149.479996,148.690002,148.639999,149.320007,148.850006,152.570007,149.800003
958,148.690002,148.639999,149.320007,148.850006,152.570007,149.800003,148.960007
959,148.639999,149.320007,148.850006,152.570007,149.800003,148.960007,150.020004
960,149.320007,148.850006,152.570007,149.800003,148.960007,150.020004,151.490005
961,148.850006,152.570007,149.800003,148.960007,150.020004,151.490005,150.960007
962,152.570007,149.800003,148.960007,150.020004,151.490005,150.960007,151.279999
963,149.800003,148.960007,150.020004,151.490005,150.960007,151.279999,150.440002
964,148.960007,150.020004,151.490005,150.960007,151.279999,150.440002,150.809998
965,150.020004,151.490005,150.960007,151.279999,150.440002,150.809998,147.919998
966,151.490005,150.960007,151.279999,150.440002,150.809998,147.919998,147.869995
967,150.960007,151.279999,150.440002,150.809998,147.919998,147.869995,149.990005
968,151.279999,150.440002,150.809998,147.919998,147.869995,149.990005,150.0
969,150.440002,150.809998,147.919998,147.869995,149.990005,150.0,151.0
970,150.809998,147.919998,147.869995,149.990005,150.0,151.0,153.490005
971,147.919998,147.869995,149.990005,150.0,151.0,153.490005,157.869995
972,147.869995,149.990005,150.0,151.0,153.490005,157.869995,160.550003
973,149.990005,150.0,151.0,153.490005,157.869995,160.550003,161.020004
974,150.0,151.0,153.490005,157.869995,160.550003,161.020004,161.410004
975,151.0,153.490005,157.869995,160.550003,161.020004,161.410004,161.940002
976,153.490005,157.869995,160.550003,161.020004,161.410004,161.940002,156.809998
977,157.869995,160.550003,161.020004,161.410004,161.940002,156.809998,160.240005
978,160.550003,161.020004,161.410004,161.940002,156.809998,160.240005,165.300003
979,161.020004,161.410004,161.940002,156.809998,160.240005,165.300003,164.770004
980,161.410004,161.940002,156.809998,160.240005,165.300003,164.770004,163.759995
981,161.940002,156.809998,160.240005,165.300003,164.770004,163.759995,161.839996
982,156.809998,160.240005,165.300003,164.770004,163.759995,161.839996,165.320007
983,160.240005,165.300003,164.770004,163.759995,161.839996,165.320007,171.179993
984,165.300003,164.770004,163.759995,161.839996,165.320007,171.179993,175.080002
985,164.770004,163.759995,161.839996,165.320007,171.179993,175.080002,174.559998
986,163.759995,161.839996,165.320007,171.179993,175.080002,174.559998,179.449997
987,161.839996,165.320007,171.179993,175.080002,174.559998,179.449997,175.740005
988,165.320007,171.179993,175.080002,174.559998,179.449997,175.740005,174.330002
989,171.179993,175.080002,174.559998,179.449997,175.740005,174.330002,179.300003
990,175.080002,174.559998,179.449997,175.740005,174.330002,179.300003,172.259995
991,174.559998,179.449997,175.740005,174.330002,179.300003,172.259995,171.139999
992,179.449997,175.740005,174.330002,179.300003,172.259995,171.139999,169.75
993,175.740005,174.330002,179.300003,172.259995,171.139999,169.75,172.990005
994,174.330002,179.300003,172.259995,171.139999,169.75,172.990005,175.639999
995,179.300003,172.259995,171.139999,169.75,172.990005,175.639999,176.279999
996,172.259995,171.139999,169.75,172.990005,175.639999,176.279999,180.330002
997,171.139999,169.75,172.990005,175.639999,176.279999,180.330002,179.289993
998,169.75,172.990005,175.639999,176.279999,180.330002,179.289993,179.380005
999,172.990005,175.639999,176.279999,180.330002,179.289993,179.380005,178.199997
1000,175.639999,176.279999,180.330002,179.289993,179.380005,178.199997,177.570007
1001,176.279999,180.330002,179.289993,179.380005,178.199997,177.570007,182.009995
1002,180.330002,179.289993,179.380005,178.199997,177.570007,182.009995,179.699997
1003,179.289993,179.380005,178.199997,177.570007,182.009995,179.699997,174.919998
1004,179.380005,178.199997,177.570007,182.009995,179.699997,174.919998,172.0
1005,178.199997,177.570007,182.009995,179.699997,174.919998,172.0,172.169998
1006,177.570007,182.009995,179.699997,174.919998,172.0,172.169998,172.190002
1007,182.009995,179.699997,174.919998,172.0,172.169998,172.190002,175.080002
1008,179.699997,174.919998,172.0,172.169998,172.190002,175.080002,175.529999
1009,174.919998,172.0,172.169998,172.190002,175.080002,175.529999,172.190002
1010,172.0,172.169998,172.190002,175.080002,175.529999,172.190002,173.070007
1011,172.169998,172.190002,175.080002,175.529999,172.190002,173.070007,169.800003
1012,172.190002,175.080002,175.529999,172.190002,173.070007,169.800003,166.229996
1013,175.080002,175.529999,172.190002,173.070007,169.800003,166.229996,164.509995
1014,175.529999,172.190002,173.070007,169.800003,166.229996,164.509995,162.410004
1015,172.190002,173.070007,169.800003,166.229996,164.509995,162.410004,161.619995
1016,173.070007,169.800003,166.229996,164.509995,162.410004,161.619995,159.779999
1017,169.800003,166.229996,164.509995,162.410004,161.619995,159.779999,159.690002
1018,166.229996,164.509995,162.410004,161.619995,159.779999,159.690002,159.220001
1019,164.509995,162.410004,161.619995,159.779999,159.690002,159.220001,170.330002
1020,162.410004,161.619995,159.779999,159.690002,159.220001,170.330002,174.779999
1021,161.619995,159.779999,159.690002,159.220001,170.330002,174.779999,174.610001
1022,159.779999,159.690002,159.220001,170.330002,174.779999,174.610001,175.839996
1023,159.690002,159.220001,170.330002,174.779999,174.610001,175.839996,172.899994
1024,159.220001,170.330002,174.779999,174.610001,175.839996,172.899994,172.389999
1025,170.330002,174.779999,174.610001,175.839996,172.899994,172.389999,171.660004
1026,174.779999,174.610001,175.839996,172.899994,172.389999,171.660004,174.830002
1027,174.610001,175.839996,172.899994,172.389999,171.660004,174.830002,176.279999
1028,175.839996,172.899994,172.389999,171.660004,174.830002,176.279999,172.119995
1029,172.899994,172.389999,171.660004,174.830002,176.279999,172.119995,168.639999
1030,172.389999,171.660004,174.830002,176.279999,172.119995,168.639999,168.880005
1031,171.660004,174.830002,176.279999,172.119995,168.639999,168.880005,172.789993
1032,174.830002,176.279999,172.119995,168.639999,168.880005,172.789993,172.550003
1033,176.279999,172.119995,168.639999,168.880005,172.789993,172.550003,168.880005
1034,172.119995,168.639999,168.880005,172.789993,172.550003,168.880005,167.300003
1035,168.639999,168.880005,172.789993,172.550003,168.880005,167.300003,164.320007
1036,168.880005,172.789993,172.550003,168.880005,167.300003,164.320007,160.070007
1037,172.789993,172.550003,168.880005,167.300003,164.320007,160.070007,162.740005
1038,172.550003,168.880005,167.300003,164.320007,160.070007,162.740005,164.850006
1039,168.880005,167.300003,164.320007,160.070007,162.740005,164.850006,165.119995
1040,167.300003,164.320007,160.070007,162.740005,164.850006,165.119995,163.199997
1041,164.320007,160.070007,162.740005,164.850006,165.119995,163.199997,166.559998
1042,160.070007,162.740005,164.850006,165.119995,163.199997,166.559998,166.229996
1043,162.740005,164.850006,165.119995,163.199997,166.559998,166.229996,163.169998
1044,164.850006,165.119995,163.199997,166.559998,166.229996,163.169998,159.300003
1045,165.119995,163.199997,166.559998,166.229996,163.169998,159.300003,157.440002
1046,163.199997,166.559998,166.229996,163.169998,159.300003,157.440002,162.949997
1047,166.559998,166.229996,163.169998,159.300003,157.440002,162.949997,158.520004
1048,166.229996,163.169998,159.300003,157.440002,162.949997,158.520004,154.729996
1049,163.169998,159.300003,157.440002,162.949997,158.520004,154.729996,150.619995
1050,159.300003,157.440002,162.949997,158.520004,154.729996,150.619995,155.089996
1051,157.440002,162.949997,158.520004,154.729996,150.619995,155.089996,159.589996
1052,162.949997,158.520004,154.729996,150.619995,155.089996,159.589996,160.619995
1053,158.520004,154.729996,150.619995,155.089996,159.589996,160.619995,163.979996
1054,154.729996,150.619995,155.089996,159.589996,160.619995,163.979996,165.380005
1055,150.619995,155.089996,159.589996,160.619995,163.979996,165.380005,168.820007
1056,155.089996,159.589996,160.619995,163.979996,165.380005,168.820007,170.210007
1057,159.589996,160.619995,163.979996,165.380005,168.820007,170.210007,174.070007
1058,160.619995,163.979996,165.380005,168.820007,170.210007,174.070007,174.720001
1059,163.979996,165.380005,168.820007,170.210007,174.070007,174.720001,175.600006
1060,165.380005,168.820007,170.210007,174.070007,174.720001,175.600006,178.960007
1061,168.820007,170.210007,174.070007,174.720001,175.600006,178.960007,177.770004
1062,170.210007,174.070007,174.720001,175.600006,178.960007,177.770004,174.610001
1063,174.070007,174.720001,175.600006,178.960007,177.770004,174.610001,174.309998
1064,174.720001,175.600006,178.960007,177.770004,174.610001,174.309998,178.440002
1065,175.600006,178.960007,177.770004,174.610001,174.309998,178.440002,175.059998
1066,178.960007,177.770004,174.610001,174.309998,178.440002,175.059998,171.830002
1067,177.770004,174.610001,174.309998,178.440002,175.059998,171.830002,172.139999
1068,174.610001,174.309998,178.440002,175.059998,171.830002,172.139999,170.089996
1069,174.309998,178.440002,175.059998,171.830002,172.139999,170.089996,165.75
1070,178.440002,175.059998,171.830002,172.139999,170.089996,165.75,167.660004
1071,175.059998,171.830002,172.139999,170.089996,165.75,167.660004,170.399994
1072,171.830002,172.139999,170.089996,165.75,167.660004,170.399994,165.289993
1073,172.139999,170.089996,165.75,167.660004,170.399994,165.289993,165.070007
1074,170.089996,165.75,167.660004,170.399994,165.289993,165.070007,167.399994
1075,165.75,167.660004,170.399994,165.289993,165.070007,167.399994,167.229996
1076,167.660004,170.399994,165.289993,165.070007,167.399994,167.229996,166.419998
1077,170.399994,165.289993,165.070007,167.399994,167.229996,166.419998,161.789993
1078,165.289993,165.070007,167.399994,167.229996,166.419998,161.789993,162.880005
1079,165.070007,167.399994,167.229996,166.419998,161.789993,162.880005,156.800003
1080,167.399994,167.229996,166.419998,161.789993,162.880005,156.800003,156.570007
1081,167.229996,166.419998,161.789993,162.880005,156.800003,156.570007,163.639999
1082,166.419998,161.789993,162.880005,156.800003,156.570007,163.639999,157.649994
1083,161.789993,162.880005,156.800003,156.570007,163.639999,157.649994,157.960007
1084,162.880005,156.800003,156.570007,163.639999,157.649994,157.960007,159.479996
1085,156.800003,156.570007,163.639999,157.649994,157.960007,159.479996,166.020004
1086,156.570007,163.639999,157.649994,157.960007,159.479996,166.020004,156.770004
1087,163.639999,157.649994,157.960007,159.479996,166.020004,156.770004,157.279999
1088,157.649994,157.960007,159.479996,166.020004,156.770004,157.279999,152.059998
1089,157.960007,159.479996,166.020004,156.770004,157.279999,152.059998,154.509995
1090,159.479996,166.020004,156.770004,157.279999,152.059998,154.509995,146.5
1091,166.020004,156.770004,157.279999,152.059998,154.509995,146.5,142.559998
1092,156.770004,157.279999,152.059998,154.509995,146.5,142.559998,147.110001
1093,157.279999,152.059998,154.509995,146.5,142.559998,147.110001,145.539993
1094,152.059998,154.509995,146.5,142.559998,147.110001,145.539993,149.240005
1095,154.509995,146.5,142.559998,147.110001,145.539993,149.240005,140.820007
1096,146.5,142.559998,147.110001,145.539993,149.240005,140.820007,137.350006
1097,142.559998,147.110001,145.539993,149.240005,140.820007,137.350006,137.589996
1098,147.110001,145.539993,149.240005,140.820007,137.350006,137.589996,143.110001
1099,145.539993,149.240005,140.820007,137.350006,137.589996,143.110001,140.360001
1100,149.240005,140.820007,137.350006,137.589996,143.110001,140.360001,140.520004
1101,140.820007,137.350006,137.589996,143.110001,140.360001,140.520004,143.779999
1102,137.350006,137.589996,143.110001,140.360001,140.520004,143.779999,149.639999
1103,137.589996,143.110001,140.360001,140.520004,143.779999,149.639999,148.839996
1104,143.110001,140.360001,140.520004,143.779999,149.639999,148.839996,148.710007
1105,140.360001,140.520004,143.779999,149.639999,148.839996,148.710007,151.210007
1106,140.520004,143.779999,149.639999,148.839996,148.710007,151.210007,145.380005
1107,143.779999,149.639999,148.839996,148.710007,151.210007,145.380005,146.139999
1108,149.639999,148.839996,148.710007,151.210007,145.380005,146.139999,148.710007
1109,148.839996,148.710007,151.210007,145.380005,146.139999,148.710007,147.960007
1110,148.710007,151.210007,145.380005,146.139999,148.710007,147.960007,142.639999
1111,151.210007,145.380005,146.139999,148.710007,147.960007,142.639999,137.130005
1112,145.380005,146.139999,148.710007,147.960007,142.639999,137.130005,131.880005
1113,146.139999,148.710007,147.960007,142.639999,137.130005,131.880005,132.759995
1114,148.710007,147.960007,142.639999,137.130005,131.880005,132.759995,135.429993
1115,147.960007,142.639999,137.130005,131.880005,132.759995,135.429993,130.059998
1116,142.639999,137.130005,131.880005,132.759995,135.429993,130.059998,131.559998
1117,137.130005,131.880005,132.759995,135.429993,130.059998,131.559998,135.869995
1118,131.880005,132.759995,135.429993,130.059998,131.559998,135.869995,135.350006
1119,132.759995,135.429993,130.059998,131.559998,135.869995,135.350006,138.270004
1120,135.429993,130.059998,131.559998,135.869995,135.350006,138.270004,141.660004
1121,130.059998,131.559998,135.869995,135.350006,138.270004,141.660004,141.660004
1122,131.559998,135.869995,135.350006,138.270004,141.660004,141.660004,137.440002
1123,135.869995,135.350006,138.270004,141.660004,141.660004,137.440002,139.229996
1124,135.350006,138.270004,141.660004,141.660004,137.440002,139.229996,136.720001
1125,138.270004,141.660004,141.660004,137.440002,139.229996,136.720001,138.929993
1126,141.660004,141.660004,137.440002,139.229996,136.720001,138.929993,141.559998
1127,141.660004,137.440002,139.229996,136.720001,138.929993,141.559998,142.919998
1128,137.440002,139.229996,136.720001,138.929993,141.559998,142.919998,146.350006
1129,139.229996,136.720001,138.929993,141.559998,142.919998,146.350006,147.039993
1130,136.720001,138.929993,141.559998,142.919998,146.350006,147.039993,144.869995
1131,138.929993,141.559998,142.919998,146.350006,147.039993,144.869995,145.860001
1132,141.559998,142.919998,146.350006,147.039993,144.869995,145.860001,145.490005
1133,142.919998,146.350006,147.039993,144.869995,145.860001,145.490005,148.470001
1134,146.350006,147.039993,144.869995,145.860001,145.490005,148.470001,150.169998
1135,147.039993,144.869995,145.860001,145.490005,148.470001,150.169998,147.070007
1136,144.869995,145.860001,145.490005,148.470001,150.169998,147.070007,151.0
1137,145.860001,145.490005,148.470001,150.169998,147.070007,151.0,153.039993
1138,145.490005,148.470001,150.169998,147.070007,151.0,153.039993,155.350006
1139,148.470001,150.169998,147.070007,151.0,153.039993,155.350006,154.089996
1140,150.169998,147.070007,151.0,153.039993,155.350006,154.089996,152.949997
1141,147.070007,151.0,153.039993,155.350006,154.089996,152.949997,151.600006
1142,151.0,153.039993,155.350006,154.089996,152.949997,151.600006,156.789993
1143,153.039993,155.350006,154.089996,152.949997,151.600006,156.789993,157.350006
1144,155.350006,154.089996,152.949997,151.600006,156.789993,157.350006,162.509995
1145,154.089996,152.949997,151.600006,156.789993,157.350006,162.509995,161.509995
1146,152.949997,151.600006,156.789993,157.350006,162.509995,161.509995,160.009995
1147,151.600006,156.789993,157.350006,162.509995,161.509995,160.009995,166.130005
1148,156.789993,157.350006,162.509995,161.509995,160.009995,166.130005,165.809998
1149,157.350006,162.509995,161.509995,160.009995,166.130005,165.809998,165.350006
1150,162.509995,161.509995,160.009995,166.130005,165.809998,165.350006,164.869995
1151,161.509995,160.009995,166.130005,165.809998,165.350006,164.869995,164.919998
1152,160.009995,166.130005,165.809998,165.350006,164.869995,164.919998,169.240005
1153,166.130005,165.809998,165.350006,164.869995,164.919998,169.240005,168.490005
1154,165.809998,165.350006,164.869995,164.919998,169.240005,168.490005,172.100006
1155,165.350006,164.869995,164.919998,169.240005,168.490005,172.100006,173.190002
1156,164.869995,164.919998,169.240005,168.490005,172.100006,173.190002,173.029999
1157,164.919998,169.240005,168.490005,172.100006,173.190002,173.029999,174.550003
1158,169.240005,168.490005,172.100006,173.190002,173.029999,174.550003,174.149994
1159,168.490005,172.100006,173.190002,173.029999,174.550003,174.149994,171.520004
1160,172.100006,173.190002,173.029999,174.550003,174.149994,171.520004,167.570007
1161,173.190002,173.029999,174.550003,174.149994,171.520004,167.570007,167.229996
1162,173.029999,174.550003,174.149994,171.520004,167.570007,167.229996,167.529999
1163,174.550003,174.149994,171.520004,167.570007,167.229996,167.529999,170.029999
1164,174.149994,171.520004,167.570007,167.229996,167.529999,170.029999,163.619995
1165,171.520004,167.570007,167.229996,167.529999,170.029999,163.619995,161.380005
1166,167.570007,167.229996,167.529999,170.029999,163.619995,161.380005,158.910004
1167,167.229996,167.529999,170.029999,163.619995,161.380005,158.910004,157.220001
1168,167.529999,170.029999,163.619995,161.380005,158.910004,157.220001,157.960007
1169,170.029999,163.619995,161.380005,158.910004,157.220001,157.960007,155.809998
1170,163.619995,161.380005,158.910004,157.220001,157.960007,155.809998,154.529999
1171,161.380005,158.910004,157.220001,157.960007,155.809998,154.529999,155.960007
1172,158.910004,157.220001,157.960007,155.809998,154.529999,155.960007,154.460007
1173,157.220001,157.960007,155.809998,154.529999,155.960007,154.460007,157.369995
1174,157.960007,155.809998,154.529999,155.960007,154.460007,157.369995,163.429993
1175,155.809998,154.529999,155.960007,154.460007,157.369995,163.429993,153.839996
1176,154.529999,155.960007,154.460007,157.369995,163.429993,153.839996,155.309998
1177,155.960007,154.460007,157.369995,163.429993,153.839996,155.309998,152.369995
1178,154.460007,157.369995,163.429993,153.839996,155.309998,152.369995,150.699997
1179,157.369995,163.429993,153.839996,155.309998,152.369995,150.699997,154.479996
1180,163.429993,153.839996,155.309998,152.369995,150.699997,154.479996,156.899994
1181,153.839996,155.309998,152.369995,150.699997,154.479996,156.899994,153.720001
1182,155.309998,152.369995,150.699997,154.479996,156.899994,153.720001,152.740005
1183,152.369995,150.699997,154.479996,156.899994,153.720001,152.740005,150.429993
1184,150.699997,154.479996,156.899994,153.720001,152.740005,150.429993,150.770004
1185,154.479996,156.899994,153.720001,152.740005,150.429993,150.770004,151.759995
1186,156.899994,153.720001,152.740005,150.429993,150.770004,151.759995,149.839996
1187,153.720001,152.740005,150.429993,150.770004,151.759995,149.839996,142.479996
1188,152.740005,150.429993,150.770004,151.759995,149.839996,142.479996,138.199997
1189,150.429993,150.770004,151.759995,149.839996,142.479996,138.199997,142.449997
1190,150.770004,151.759995,149.839996,142.479996,138.199997,142.449997,146.100006
1191,151.759995,149.839996,142.479996,138.199997,142.449997,146.100006,146.399994
1192,149.839996,142.479996,138.199997,142.449997,146.100006,146.399994,145.429993
1193,142.479996,138.199997,142.449997,146.100006,146.399994,145.429993,140.089996
1194,138.199997,142.449997,146.100006,146.399994,145.429993,140.089996,140.419998
1195,142.449997,146.100006,146.399994,145.429993,140.089996,140.419998,138.979996
1196,146.100006,146.399994,145.429993,140.089996,140.419998,138.979996,138.339996
1197,146.399994,145.429993,140.089996,140.419998,138.979996,138.339996,142.990005
1198,145.429993,140.089996,140.419998,138.979996,138.339996,142.990005,138.380005
1199,140.089996,140.419998,138.979996,138.339996,142.990005,138.380005,142.410004
1200,140.419998,138.979996,138.339996,142.990005,138.380005,142.410004,143.75
1201,138.979996,138.339996,142.990005,138.380005,142.410004,143.75,143.860001
1202,138.339996,142.990005,138.380005,142.410004,143.75,143.860001,143.389999
1203,142.990005,138.380005,142.410004,143.75,143.860001,143.389999,147.270004
1204,138.380005,142.410004,143.75,143.860001,143.389999,147.270004,149.449997
1205,142.410004,143.75,143.860001,143.389999,147.270004,149.449997,152.339996
1206,143.75,143.860001,143.389999,147.270004,149.449997,152.339996,149.350006
1207,143.860001,143.389999,147.270004,149.449997,152.339996,149.350006,144.800003
1208,143.389999,147.270004,149.449997,152.339996,149.350006,144.800003,155.740005
1209,147.270004,149.449997,152.339996,149.350006,144.800003,155.740005,153.339996
1210,149.449997,152.339996,149.350006,144.800003,155.740005,153.339996,150.649994
1211,152.339996,149.350006,144.800003,155.740005,153.339996,150.649994,145.029999
1212,149.350006,144.800003,155.740005,153.339996,150.649994,145.029999,138.880005
1213,144.800003,155.740005,153.339996,150.649994,145.029999,138.880005,138.380005
1214,155.740005,153.339996,150.649994,145.029999,138.880005,138.380005,138.919998
1215,153.339996,150.649994,145.029999,138.880005,138.380005,138.919998,139.5
1216,150.649994,145.029999,138.880005,138.380005,138.919998,139.5,134.869995
1217,145.029999,138.880005,138.380005,138.919998,139.5,134.869995,146.869995
1218,138.880005,138.380005,138.919998,139.5,134.869995,146.869995,149.699997
1219,138.380005,138.919998,139.5,134.869995,146.869995,149.699997,148.279999
1220,138.919998,139.5,134.869995,146.869995,149.699997,148.279999,150.039993
1221,139.5,134.869995,146.869995,149.699997,148.279999,150.039993,148.789993
1222,134.869995,146.869995,149.699997,148.279999,150.039993,148.789993,150.720001
1223,146.869995,149.699997,148.279999,150.039993,148.789993,150.720001,151.289993
1224,149.699997,148.279999,150.039993,148.789993,150.720001,151.289993,148.009995
1225,148.279999,150.039993,148.789993,150.720001,151.289993,148.009995,150.179993
1226,150.039993,148.789993,150.720001,151.289993,148.009995,150.179993,151.070007
1227,148.789993,150.720001,151.289993,148.009995,150.179993,151.070007,148.110001
1228,150.720001,151.289993,148.009995,150.179993,151.070007,148.110001,144.220001
1229,151.289993,148.009995,150.179993,151.070007,148.110001,144.220001,141.169998
1230,148.009995,150.179993,151.070007,148.110001,144.220001,141.169998,148.029999
1231,150.179993,151.070007,148.110001,144.220001,141.169998,148.029999,148.309998
1232,151.070007,148.110001,144.220001,141.169998,148.029999,148.309998,147.809998
1233,148.110001,144.220001,141.169998,148.029999,148.309998,147.809998,146.630005
1234,144.220001,141.169998,148.029999,148.309998,147.809998,146.630005,142.910004
1235,141.169998,148.029999,148.309998,147.809998,146.630005,142.910004,140.940002
1236,148.029999,148.309998,147.809998,146.630005,142.910004,140.940002,142.649994
1237,148.309998,147.809998,146.630005,142.910004,140.940002,142.649994,142.160004
1238,147.809998,146.630005,142.910004,140.940002,142.649994,142.160004,144.490005
1239,146.630005,142.910004,140.940002,142.649994,142.160004,144.490005,145.470001
1240,142.910004,140.940002,142.649994,142.160004,144.490005,145.470001,143.210007
1241,140.940002,142.649994,142.160004,144.490005,145.470001,143.210007,136.5
1242,142.649994,142.160004,144.490005,145.470001,143.210007,136.5,134.509995
1243,142.160004,144.490005,145.470001,143.210007,136.5,134.509995,132.369995
1244,144.490005,145.470001,143.210007,136.5,134.509995,132.369995,132.300003
1245,145.470001,143.210007,136.5,134.509995,132.369995,132.300003,135.449997
1246,143.210007,136.5,134.509995,132.369995,132.300003,135.449997,132.229996
1247,136.5,134.509995,132.369995,132.300003,135.449997,132.229996,131.860001
1248,134.509995,132.369995,132.300003,135.449997,132.229996,131.860001,130.029999
1249,132.369995,132.300003,135.449997,132.229996,131.860001,130.029999,126.040001
1250,132.300003,135.449997,132.229996,131.860001,130.029999,126.040001,129.610001
1251,135.449997,132.229996,131.860001,130.029999,126.040001,129.610001,129.929993
1252,132.229996,131.860001,130.029999,126.040001,129.610001,129.929993,125.07
1253,131.860001,130.029999,126.040001,129.610001,129.929993,125.07,126.360001
1254,130.029999,126.040001,129.610001,129.929993,125.07,126.360001,125.019997
1255,126.040001,129.610001,129.929993,125.07,126.360001,125.019997,129.619995
1256,129.610001,129.929993,125.07,126.360001,125.019997,129.619995,130.149994
1257,129.929993,125.07,126.360001,125.019997,129.619995,130.149994,130.729996
1258,125.07,126.360001,125.019997,129.619995,130.149994,130.729996,133.490005
