,Date,0,1,2
0,2018-01-02,-8.038765,4.555998,3.4878078
1,2018-01-03,-9.974487,-1.4969193,5.139411
2,2018-01-04,-6.6404605,10.375854,2.9979818
3,2018-01-05,-7.695933,5.185302,3.1033833
4,2018-01-08,-11.665453,-5.8246393,4.446702
5,2018-01-09,-11.427523,-5.20588,4.563182
6,2018-01-10,-11.31129,-4.7879915,4.708194
7,2018-01-11,-11.343965,-4.9253526,4.6526136
8,2018-01-12,-11.226912,-4.508995,4.7970266
9,2018-01-16,-11.302492,-4.7524085,4.7227845
10,2018-01-17,-11.414749,-5.151216,4.582929
11,2018-01-18,-11.369986,-5.0206456,4.618815
12,2018-01-19,-11.364908,-4.982251,4.63694
13,2018-01-22,-10.661735,-5.854073,3.1467164
14,2018-01-23,-10.659912,-5.840093,3.1566427
15,2018-01-24,-8.637201,-2.4808185,2.1989164
16,2018-01-25,-7.6813602,0.9785876,3.5361152
17,2018-01-26,-7.3186064,1.0163018,3.8183975
18,2018-01-29,-7.8923836,-1.6526874,3.3004894
19,2018-01-30,-7.680427,-0.81540453,3.7492225
20,2018-01-31,-9.14157,-4.551255,1.6680467
21,2018-02-01,-9.097169,-4.273628,2.0884526
22,2018-02-02,-6.6032743,0.45086455,4.8785815
23,2018-02-05,-2.8361926,7.047504,5.046237
24,2018-02-06,-2.7481413,8.185596,4.7167687
25,2018-02-07,-6.6290026,1.265914,4.282303
26,2018-02-08,-3.2026095,9.866448,3.3707075
27,2018-02-09,-2.8041584,14.907038,0.5109483
28,2018-02-12,-4.6496983,12.907618,1.1200814
29,2018-02-13,-7.8859663,8.976213,2.1228032
30,2018-02-14,-7.8270793,8.32798,1.7352426
31,2018-02-15,-7.8466954,4.130447,1.6833075
32,2018-02-16,-7.8834352,1.7085088,2.8096595
33,2018-02-20,-7.9413795,1.8106774,2.667087
34,2018-02-21,-8.001914,1.8317281,2.5340054
35,2018-02-22,-8.828054,-1.8462733,1.0385114
36,2018-02-23,-8.609513,-5.408946,-0.11102472
37,2018-02-26,-8.554333,-6.5548735,-0.57247794
38,2018-02-27,-9.140561,-5.2024746,0.8571273
39,2018-02-28,-8.658156,-2.1171641,1.9116902
40,2018-03-01,-7.9548655,1.9963101,2.579636
41,2018-03-02,-7.796475,4.27919,1.6667129
42,2018-03-05,-7.712606,4.218025,1.8750631
43,2018-03-06,-6.8292084,6.585288,2.87841
44,2018-03-07,-6.7585225,7.095884,2.9150028
45,2018-03-08,-6.7262106,6.94397,2.9252262
46,2018-03-09,-6.64702,7.9650464,2.6720555
47,2018-03-12,-7.524242,1.3179317,3.4918296
48,2018-03-13,-7.4204874,1.545768,3.5201843
49,2018-03-14,-6.8419023,6.634882,2.89253
50,2018-03-15,-6.6764197,7.8164873,2.6165483
51,2018-03-16,-6.227525,10.16507,2.3241525
52,2018-03-19,-3.387338,13.591909,0.6999681
53,2018-03-20,-3.3392742,13.931022,0.3947755
54,2018-03-21,-5.5521936,11.409541,0.05871739
55,2018-03-22,-4.9478946,12.880512,-0.28257918
56,2018-03-23,-4.1784782,14.6585,-0.7333888
57,2018-03-26,-4.2374477,14.774432,-1.1742625
58,2018-03-27,-3.8202288,16.21703,-1.0120484
59,2018-03-28,-3.8017926,16.942858,-1.2766826
60,2018-03-29,-3.866172,16.836706,-1.2908568
61,2018-04-02,-3.879322,16.841566,-1.3026047
62,2018-04-03,-4.929658,15.965513,-1.83946
63,2018-04-04,-7.3683887,12.911825,-2.5193882
64,2018-04-05,-10.759742,5.813732,-2.8916812
65,2018-04-06,-10.611788,5.4456153,-2.891349
66,2018-04-09,-10.30523,6.390154,-2.8557124
67,2018-04-10,-10.831244,4.8239975,-3.043918
68,2018-04-11,-10.886342,4.4270496,-3.0449452
69,2018-04-12,-10.672464,5.2813196,-3.112835
70,2018-04-13,-10.859105,4.5062833,-3.1948662
71,2018-04-16,-10.516071,5.8013215,-3.0480163
72,2018-04-17,-10.284294,6.645172,-3.0421314
73,2018-04-18,-10.550453,5.569461,-2.901527
74,2018-04-19,-10.7562,4.9184804,-3.0700076
75,2018-04-20,-10.232815,6.0703063,-2.3057213
76,2018-04-23,-8.398194,9.6259365,2.3619492
77,2018-04-24,-5.3971267,11.672374,2.4623501
78,2018-04-25,-5.4829564,11.601588,2.3285482
79,2018-04-26,-7.105175,10.123689,2.325574
80,2018-04-27,-10.24782,6.595393,-0.9658863
81,2018-04-30,-11.159883,4.6329856,-1.3152292
82,2018-05-01,-11.289072,2.1995485,-2.5366356
83,2018-05-02,-11.506038,0.7741074,-2.5341396
84,2018-05-03,-8.23079,9.575203,2.304952
85,2018-05-04,-10.463853,5.9285765,-1.2267352
86,2018-05-07,-11.502616,0.7978277,-2.3203053
87,2018-05-08,-11.555169,0.6708201,-2.1775455
88,2018-05-09,-11.54023,0.26616913,-2.0163069
89,2018-05-10,-11.7344,0.13961394,-1.8580317
90,2018-05-11,-11.958086,2.0054548,-1.2005769
91,2018-05-14,-10.7955675,4.7511964,-0.3711826
92,2018-05-15,-7.3090863,9.600858,2.1397839
93,2018-05-16,-7.298527,9.246464,2.064303
94,2018-05-17,-7.181621,9.124544,1.807231
95,2018-05-18,-6.110547,10.775294,1.6769923
96,2018-05-21,-8.010314,8.440757,0.9024401
97,2018-05-22,-6.569542,10.366216,1.3983314
98,2018-05-23,-6.6484222,10.289372,1.538518
99,2018-05-24,-6.783645,10.11732,1.3385408
100,2018-05-25,-6.9384584,9.905591,1.2417321
101,2018-05-29,-8.242236,8.315169,0.68052596
102,2018-05-30,-11.278508,4.454636,-0.40081653
103,2018-05-31,-11.016692,4.823603,-0.24561685
104,2018-06-01,-12.504129,2.4282856,-1.3610148
105,2018-06-04,-12.05747,-1.5364556,-2.9078646
106,2018-06-05,-12.470232,1.5210733,-1.5124927
107,2018-06-06,-11.768537,-4.254042,-2.8821197
108,2018-06-07,-11.781153,-4.7784967,-2.6756594
109,2018-06-08,-11.922442,-5.1282086,-2.085195
110,2018-06-11,-11.703902,-6.384313,-2.3054242
111,2018-06-12,-11.251427,-8.40157,-2.520229
112,2018-06-13,-11.255918,-8.358266,-2.439003
113,2018-06-14,-11.160757,-8.562101,-2.4684017
114,2018-06-15,-11.115435,-8.611878,-2.4141495
115,2018-06-18,-11.016438,-8.737744,-2.3987188
116,2018-06-19,-11.093106,-8.382284,-0.39784923
117,2018-06-20,-10.954659,-8.434487,-0.31418994
118,2018-06-21,-11.119956,-7.950365,0.77151704
119,2018-06-22,-7.3571215,-2.5920467,5.2696695
120,2018-06-25,-6.3730826,-1.2622199,5.470207
121,2018-06-26,-6.408458,-1.671045,5.5956435
122,2018-06-27,-6.967242,-2.5252852,5.4709682
123,2018-06-28,-7.456061,-3.4008172,4.8543067
124,2018-06-29,-6.4391084,-2.0755575,5.9159093
125,2018-07-02,-5.822985,-1.465636,6.2679753
126,2018-07-03,-2.6610124,6.580978,5.371444
127,2018-07-05,-2.7408707,7.3141336,4.9951687
128,2018-07-06,-3.0005383,6.929064,4.877708
129,2018-07-09,-4.7660775,4.1342287,4.6299396
130,2018-07-10,-5.7059,2.6086335,4.5449286
131,2018-07-11,-5.464254,3.2012835,4.426633
132,2018-07-12,-5.533629,3.273564,4.3617883
133,2018-07-13,-5.523145,3.3286092,4.294104
134,2018-07-16,-5.244434,4.4733515,4.0354304
135,2018-07-17,-6.2225184,2.6348903,4.235033
136,2018-07-18,-6.7539716,2.2094338,4.2091823
137,2018-07-19,-6.599937,2.4705784,4.178217
138,2018-07-20,-6.1856613,3.0006351,4.1307006
139,2018-07-23,-2.8536155,8.033078,4.4815316
140,2018-07-24,-3.1898468,8.077938,3.8589914
141,2018-07-25,-5.014325,5.405276,3.124621
142,2018-07-26,-5.3453326,4.7361116,3.06154
143,2018-07-27,-4.189806,6.895079,2.710091
144,2018-07-30,-3.3398585,9.008906,3.19303
145,2018-07-31,-4.7395387,7.3661823,2.1183343
146,2018-08-01,-5.7151895,5.8140135,1.7145934
147,2018-08-02,-7.4859915,-5.33037,-1.1394597
148,2018-08-03,-7.6957054,-5.730494,-0.81826764
149,2018-08-06,-8.0565195,-5.109624,0.44149268
150,2018-08-07,-7.7571692,-9.118334,-0.811211
151,2018-08-08,-8.03055,-9.614028,-0.30694586
152,2018-08-09,-7.9694095,-4.764483,2.8093028
153,2018-08-10,-7.996609,-4.502853,2.9568105
154,2018-08-13,-7.9816265,-4.5203414,3.0195994
155,2018-08-14,-7.6642575,-3.7952776,3.169915
156,2018-08-15,-7.8084326,-0.06449305,4.4315667
157,2018-08-16,-7.6809053,0.17011298,4.526179
158,2018-08-17,-4.0644865,6.346783,2.8416984
159,2018-08-20,-3.3224432,8.576103,3.052712
160,2018-08-21,-4.474311,5.110992,3.5117152
161,2018-08-22,-4.776745,4.564645,3.4518082
162,2018-08-23,-5.0795374,4.110249,3.4750032
163,2018-08-24,-5.2512617,3.9078314,3.4572556
164,2018-08-27,-5.1629,4.570133,3.066769
165,2018-08-28,-5.2010508,4.9257245,2.7103422
166,2018-08-29,-4.5540323,6.893717,2.0600133
167,2018-08-30,-4.3390036,7.6888366,1.9371859
168,2018-08-31,-4.357094,7.662411,1.9193206
169,2018-09-04,-3.5735052,10.478991,1.7605375
170,2018-09-05,-3.4641235,12.404345,0.8255882
171,2018-09-06,-3.9072263,11.472969,0.9875198
172,2018-09-07,-3.2076068,14.856735,-0.08125353
173,2018-09-10,-6.0519977,10.563702,-0.76053387
174,2018-09-11,-6.214839,10.681025,-0.82992476
175,2018-09-12,-8.196107,7.7299824,-1.1987035
176,2018-09-13,-8.459749,7.139533,-1.3230581
177,2018-09-14,-8.697166,5.655449,-1.4083109
178,2018-09-17,-8.802283,5.10487,-1.5197948
179,2018-09-18,-8.791606,6.92147,-1.6289879
180,2018-09-19,-10.292482,4.421423,-3.054013
181,2018-09-20,-10.075077,1.6742358,-2.9224617
182,2018-09-21,-10.138872,1.6991925,-2.9976013
183,2018-09-24,-10.160952,1.7000928,-2.911779
184,2018-09-25,-10.167015,1.5673121,-2.8286304
185,2018-09-26,-10.732946,-0.13306262,-2.1478696
186,2018-09-27,-10.743344,-0.2899479,-2.1539445
187,2018-09-28,-3.30682,13.773263,1.3084732
188,2018-10-01,-10.655642,0.50341976,-1.9052296
189,2018-10-02,-9.83019,1.6932569,-1.4109018
190,2018-10-03,-9.327673,4.977564,-0.6287995
191,2018-10-04,-8.074738,9.408071,2.2691002
192,2018-10-05,-3.5974123,13.607142,1.0362545
193,2018-10-08,-3.8180163,14.211417,0.1911614
194,2018-10-09,-5.7303247,12.88498,-0.6418559
195,2018-10-10,-5.8235297,13.230646,-0.9483367
196,2018-10-11,-6.0858393,13.3636265,-1.1282922
197,2018-10-12,-7.0442286,12.348186,-1.3003652
198,2018-10-15,-7.5375504,11.857747,-1.4381769
199,2018-10-16,-9.448411,8.412773,-1.4488374
200,2018-10-17,-9.742425,8.112592,-1.5130937
201,2018-10-18,-8.533817,10.027825,-1.539309
202,2018-10-19,-8.039178,11.037813,-1.5417044
203,2018-10-22,-7.7597785,11.382462,-1.4801962
204,2018-10-23,-11.874746,0.41473287,-3.704023
205,2018-10-24,-11.965773,-0.84306735,-3.3513489
206,2018-10-25,-11.897137,-2.9859507,-2.8136492
207,2018-10-26,-11.77932,-4.3486934,-2.3866858
208,2018-10-29,-11.686487,-5.1676292,-2.0838861
209,2018-10-30,-11.911297,-5.146653,-0.93733984
210,2018-10-31,-11.83153,-5.733519,-0.63580954
211,2018-11-01,-11.69787,-6.35758,-0.38575107
212,2018-11-02,-11.622944,-6.6727824,-0.22184277
213,2018-11-05,-11.802079,-6.294444,0.04850398
214,2018-11-06,-11.691549,-6.532773,0.10414236
215,2018-11-07,-11.550113,-6.8200483,0.10355681
216,2018-11-08,-11.329206,-7.163751,0.09552695
217,2018-11-09,-11.331124,-6.9238014,0.25911483
218,2018-11-12,-7.8181243,-2.8563688,4.973881
219,2018-11-13,-7.7272396,-2.834181,4.984514
220,2018-11-14,-8.1098795,-3.3822825,4.517697
221,2018-11-15,-8.412464,-3.7667613,4.154798
222,2018-11-16,-9.360629,-5.739135,0.502828
223,2018-11-19,-7.9369345,-6.3717937,-0.4655276
224,2018-11-20,-6.7095103,-2.1268327,5.5906167
225,2018-11-21,-6.103505,-1.62646,6.1101785
226,2018-11-23,-2.6306975,5.6562734,5.7378945
227,2018-11-26,-5.7484946,-1.3789455,5.7476425
228,2018-11-27,-6.407995,-1.6309196,5.8223095
229,2018-11-28,-7.636476,-2.578893,4.247607
230,2018-11-29,-6.70055,-1.5980036,5.729785
231,2018-11-30,-8.042297,-2.8652182,3.4907205
232,2018-12-03,-7.8003807,-5.6606503,-0.56051266
233,2018-12-04,-8.1958885,-5.556834,0.021302238
234,2018-12-06,-8.83289,-5.349031,0.8241797
235,2018-12-07,-8.1096325,-5.192251,1.1775535
236,2018-12-10,-8.699282,-4.620297,2.1470835
237,2018-12-11,-8.698105,-5.091418,1.513433
238,2018-12-12,-8.700851,-4.995636,1.7323732
239,2018-12-13,-8.9343195,-5.727004,0.7986135
240,2018-12-14,-8.587134,-4.739214,2.154433
241,2018-12-17,-6.1794505,-0.77261543,5.912621
242,2018-12-18,-2.7821782,5.3971853,5.6795087
243,2018-12-19,-2.7780025,5.5482683,5.623985
244,2018-12-20,-2.6663084,7.2746344,5.02046
245,2018-12-21,-2.8944185,7.0975885,4.8423467
246,2018-12-24,-3.0281672,8.787116,3.6651704
247,2018-12-26,-4.895121,5.6269603,3.322884
248,2018-12-27,-4.9148507,5.906597,2.9164026
249,2018-12-28,-6.2384524,2.4856012,3.6362982
250,2018-12-31,-6.481438,2.2711203,3.7154672
251,2019-01-02,-4.185942,7.2876754,0.9289412
252,2019-01-03,-3.4644575,8.681662,0.21618696
253,2019-01-04,-5.308497,6.1177726,0.047281306
254,2019-01-07,-8.198276,1.6613519,0.12728652
255,2019-01-08,-8.647793,-0.032916036,-0.16975524
256,2019-01-09,-8.8229885,-0.6204806,-0.11928642
257,2019-01-10,-8.948473,-1.1414094,0.017588882
258,2019-01-11,-8.884713,-1.4303341,0.28524706
259,2019-01-14,-8.60293,-0.16410181,-0.035442
260,2019-01-15,-8.801514,-1.1082025,0.26844668
261,2019-01-16,-8.835017,-1.5722866,0.55109596
262,2019-01-17,-8.826707,-1.6077524,0.61112666
263,2019-01-18,-3.009567,9.220668,-0.20260562
264,2019-01-22,-2.986248,9.731821,-0.21432695
265,2019-01-23,-2.810821,10.685077,-0.3155385
266,2019-01-24,-2.865085,10.529347,-0.29272062
267,2019-01-25,-3.4776099,9.107246,-0.067003846
268,2019-01-28,-3.6126075,8.930085,-0.028067876
269,2019-01-29,-3.7998393,8.651295,0.024792746
270,2019-01-30,-6.2155786,5.6549506,-0.06935987
271,2019-01-31,-6.2821765,5.64633,-0.0556417
272,2019-02-01,-7.2250967,4.8943233,-0.28180236
273,2019-02-04,-7.3632207,4.8244915,-0.37241426
274,2019-02-05,-8.483101,1.896882,-0.50596625
275,2019-02-06,-8.655002,1.7571,-0.86044157
276,2019-02-07,-8.192765,4.1475134,-1.1530982
277,2019-02-08,-8.050261,4.918232,-0.9843459
278,2019-02-11,-9.070041,1.7414757,-1.572034
279,2019-02-12,-8.944449,1.9910002,-1.4402635
280,2019-02-13,-8.167246,4.512494,-0.91166556
281,2019-02-14,-6.580398,5.677243,0.718087
282,2019-02-15,-6.898499,5.237755,0.5688611
283,2019-02-19,-6.7001934,5.320752,0.83088285
284,2019-02-20,-4.867962,7.3934793,2.2773232
285,2019-02-21,-3.0620255,9.573181,3.5107074
286,2019-02-22,-3.3811612,9.219593,3.063821
287,2019-02-25,-5.1487684,7.5139065,1.9058033
288,2019-02-26,-4.8718386,7.901363,1.9679292
289,2019-02-27,-9.53549,1.6516416,-1.5595207
290,2019-02-28,-10.773226,-0.3020493,-1.8766311
291,2019-03-01,-6.1043797,7.315281,1.3819886
292,2019-03-04,-3.7840316,10.431951,1.7692497
293,2019-03-05,-3.120945,13.398912,0.68721503
294,2019-03-06,-3.703141,12.637332,0.60206974
295,2019-03-07,-4.694068,12.094403,0.19241233
296,2019-03-08,-6.207131,10.799591,-0.58535224
297,2019-03-11,-8.470369,8.441366,-0.9908011
298,2019-03-12,-7.852302,9.942698,-0.7153747
299,2019-03-13,-8.856525,8.226956,-1.1656641
300,2019-03-14,-9.540585,7.4638653,-1.2882583
301,2019-03-15,-6.7544813,11.664873,-0.5947384
302,2019-03-18,-5.456437,12.951146,-0.50050557
303,2019-03-19,-5.2405243,13.34895,-0.5791292
304,2019-03-20,-6.4479895,12.300373,-0.9333174
305,2019-03-21,-7.1848407,11.584356,-1.2092022
306,2019-03-22,-5.416019,13.183078,-0.43863428
307,2019-03-25,-4.087106,14.158061,-0.17285013
308,2019-03-26,-7.0917563,11.72815,-1.3352948
309,2019-03-27,-9.007672,9.053459,-1.8825488
310,2019-03-28,-9.980781,7.0622654,-2.3926528
311,2019-03-29,-10.150467,6.614444,-2.6139731
312,2019-04-01,-11.376761,2.0002565,-3.3495145
313,2019-04-02,-11.348385,2.0576117,-3.41628
314,2019-04-03,-11.845298,0.17391567,-3.3745198
315,2019-04-04,-7.3806515,10.632731,-1.0923411
316,2019-04-05,-9.156207,8.236537,-2.0085633
317,2019-04-08,-9.61851,7.728934,-1.7532086
318,2019-04-09,-9.097726,8.408586,-1.4635234
319,2019-04-10,-9.924046,7.088192,-1.7694864
320,2019-04-11,-7.759569,10.099418,-0.26981166
321,2019-04-12,-7.523806,10.212995,0.18274122
322,2019-04-15,-5.912807,11.331912,1.1160939
323,2019-04-16,-8.873449,8.561295,-0.44713676
324,2019-04-17,-9.032944,8.433468,-0.55128694
325,2019-04-18,-9.450513,7.9217625,-0.82317024
326,2019-04-22,-6.368771,10.993464,1.0234491
327,2019-04-23,-5.470835,11.539184,1.2943921
328,2019-04-24,-5.097135,11.655117,1.2230736
329,2019-04-25,-3.150531,13.925982,0.80381185
330,2019-04-26,-2.8691912,15.137839,0.23568824
331,2019-04-29,-3.6234255,14.680074,-0.42574283
332,2019-04-30,-4.580961,14.227764,-0.99577117
333,2019-05-01,-4.564173,14.611164,-1.2208428
334,2019-05-02,-6.919716,12.273877,-1.8824018
335,2019-05-03,-9.143685,8.951975,-2.1251607
336,2019-05-06,-9.534415,7.99721,-2.2883415
337,2019-05-07,-8.811903,9.54882,-1.9275364
338,2019-05-08,-8.391738,10.256595,-1.8028562
339,2019-05-09,-7.142154,11.894468,-1.7756958
340,2019-05-10,-6.989163,12.128005,-1.7107023
341,2019-05-13,-4.158012,14.66592,-0.7040894
342,2019-05-14,-5.570644,13.444844,-1.1913105
343,2019-05-15,-5.5158386,13.454564,-1.0820694
344,2019-05-16,-5.628487,13.430332,-0.9636753
345,2019-05-17,-3.6707842,15.186134,-0.44381186
346,2019-05-20,-3.4980958,15.687145,-0.54887444
347,2019-05-21,-4.2570376,15.341501,-1.0939302
348,2019-05-22,-4.3723826,15.551096,-1.1594992
349,2019-05-23,-4.7949247,15.398179,-1.4849253
350,2019-05-24,-5.3223124,15.196639,-1.7201438
351,2019-05-28,-5.5191627,15.112515,-1.7975528
352,2019-05-29,-5.7288556,14.9440565,-1.8541532
353,2019-05-30,-6.013079,14.7076025,-1.9088361
354,2019-05-31,-6.005688,14.716725,-1.8920935
355,2019-06-03,-5.7843137,14.864949,-1.8155793
356,2019-06-04,-7.4441824,12.629008,-2.0532134
357,2019-06-05,-8.979946,10.08177,-2.302128
358,2019-06-06,-11.710907,3.0513039,-4.7816844
359,2019-06-07,-11.730011,2.8141828,-4.72868
360,2019-06-10,-11.844872,1.9424698,-4.639349
361,2019-06-11,-11.858762,1.6893234,-4.5286646
362,2019-06-12,-11.566914,2.862504,-4.224392
363,2019-06-13,-11.421049,3.3293211,-3.8855777
364,2019-06-14,-11.398483,3.3024611,-3.6951256
365,2019-06-17,-11.646351,1.7579428,-3.210343
366,2019-06-18,-11.785482,1.2030226,-2.9454246
367,2019-06-19,-11.785204,1.7489885,-2.677831
368,2019-06-20,-11.786806,2.9084165,-2.2186441
369,2019-06-21,-11.790112,3.1008298,-2.0947518
370,2019-06-24,-11.87315,2.4458456,-2.011435
371,2019-06-25,-11.863573,3.4083836,-1.2208617
372,2019-06-26,-11.796897,3.607666,-1.021796
373,2019-06-27,-11.723227,3.7668657,-0.9165758
374,2019-06-28,-12.015639,3.0373309,-1.0819374
375,2019-07-01,-12.115342,-0.6325544,-2.4634547
376,2019-07-02,-12.195501,2.3261845,-1.046177
377,2019-07-03,-11.927851,-2.4542382,-3.0276885
378,2019-07-05,-12.237842,-1.3025125,-2.155825
379,2019-07-08,-12.451875,1.8725705,-0.6489444
380,2019-07-09,-12.4211645,2.1090593,-0.55304164
381,2019-07-10,-12.29593,-2.0510192,-1.9279104
382,2019-07-11,-12.312615,-2.223962,-1.8568965
383,2019-07-12,-12.236702,-3.187003,-1.8468196
384,2019-07-15,-12.067831,-4.033581,-2.0076938
385,2019-07-16,-12.196658,-4.22964,-1.5587506
386,2019-07-17,-12.118961,-4.6044827,-1.5863056
387,2019-07-18,-12.265764,-4.7725854,-1.042806
388,2019-07-19,-12.216763,-5.006223,-1.0378573
389,2019-07-22,-12.252029,-5.097041,-0.7806789
390,2019-07-23,-12.247015,-5.2704315,-0.641017
391,2019-07-24,-12.101788,-5.498723,-0.71375185
392,2019-07-25,-5.130566,4.907798,6.336897
393,2019-07-26,-5.1080737,4.9585037,6.294125
394,2019-07-29,-5.608049,4.142722,6.2347264
395,2019-07-30,-6.462976,2.9077833,6.1723204
396,2019-07-31,-6.578317,2.750287,6.1305075
397,2019-08-01,-6.0113406,3.6477153,6.090508
398,2019-08-02,-5.784513,4.0185885,6.0482006
399,2019-08-05,-5.5275536,4.5892277,6.031382
400,2019-08-06,-5.7293053,4.366161,5.9136944
401,2019-08-07,-5.9332995,4.1364393,5.8159795
402,2019-08-08,-6.915535,2.9513867,5.5264635
403,2019-08-09,-6.908457,3.0661952,5.440119
404,2019-08-12,-6.017673,4.272921,5.6179976
405,2019-08-13,-7.2567296,2.957297,5.1019354
406,2019-08-14,-3.0295212,8.402687,4.0653877
407,2019-08-15,-2.9310708,9.703137,3.8144832
408,2019-08-16,-3.7488728,8.543739,3.005542
409,2019-08-19,-6.2183523,5.4474635,1.6706917
410,2019-08-20,-6.57568,5.201592,1.3239257
411,2019-08-21,-5.1359653,7.338269,1.7453743
412,2019-08-22,-5.7753024,6.3676395,1.4064214
413,2019-08-23,-3.7601738,10.117369,1.4952668
414,2019-08-26,-3.9520795,9.6844425,1.110202
415,2019-08-27,-4.1865416,9.208311,0.91000676
416,2019-08-28,-4.264031,9.044588,0.87007916
417,2019-08-29,-7.35754,5.4323454,-0.32375124
418,2019-08-30,-8.727675,1.664843,-1.4310905
419,2019-09-03,-8.953778,1.7352315,-1.5455594
420,2019-09-04,-8.232038,4.2046375,-1.0413849
421,2019-09-05,-9.3889065,1.3828299,-1.8098426
422,2019-09-06,-9.193258,1.4772228,-1.6375685
423,2019-09-09,-10.130273,-0.47371373,-1.5903151
424,2019-09-10,-10.115345,-0.656756,-1.4347489
425,2019-09-11,-7.9815903,-4.706613,-1.3535473
426,2019-09-12,-8.037167,-4.893579,-1.0811185
427,2019-09-13,-8.5285225,-4.3118763,0.0972303
428,2019-09-16,-8.907072,-2.7645075,1.4841396
429,2019-09-17,-8.874322,-2.6155994,1.7246459
430,2019-09-18,-8.828591,-2.6769395,1.9834296
431,2019-09-19,-8.894171,-3.0013828,1.941612
432,2019-09-20,-8.3112545,-1.1962744,3.5060163
433,2019-09-23,-8.233279,-1.1418232,3.6056523
434,2019-09-24,-3.9864151,5.2589025,3.511008
435,2019-09-25,-3.9483545,6.284491,3.5569072
436,2019-09-26,-6.9958053,0.5325704,4.2144175
437,2019-09-27,-8.313537,-1.8323023,3.6545053
438,2019-09-30,-7.6150026,-0.6346523,4.2180367
439,2019-10-01,-8.381528,-2.1587536,3.6075346
440,2019-10-02,-8.444525,-2.0243678,3.6346602
441,2019-10-03,-3.9146483,3.8622422,4.264307
442,2019-10-04,-4.2404604,3.7107766,4.246541
443,2019-10-07,-6.829707,0.87189305,4.2769785
444,2019-10-08,-8.174802,-1.3560386,3.7089255
445,2019-10-09,-9.29584,-3.6659353,1.5599868
446,2019-10-10,-9.374516,-3.9171932,1.3719116
447,2019-10-11,-9.646886,-5.4997735,0.43612954
448,2019-10-14,-8.504716,-7.5080075,-1.3679184
449,2019-10-15,-8.419127,-7.7983217,-1.4958177
450,2019-10-16,-8.509467,-8.06965,-1.4584383
451,2019-10-17,-8.70216,-8.448454,-1.4081345
452,2019-10-18,-10.413754,-7.327342,0.8956423
453,2019-10-21,-8.417027,-4.191334,3.747934
454,2019-10-22,-8.425935,-4.1579456,3.7850966
455,2019-10-23,-8.270948,-3.842525,3.9319682
456,2019-10-24,-6.2261634,-12.636381,-1.1786994
457,2019-10-25,-6.3081594,-12.878999,-1.0849952
458,2019-10-28,-6.427009,-13.028379,-0.9855617
459,2019-10-29,-7.3650866,-13.470999,-0.24843472
460,2019-10-30,-7.7822404,-13.5392685,0.07001714
461,2019-10-31,-8.048847,-13.520492,0.272252
462,2019-11-01,-8.410165,-13.438761,0.57193744
463,2019-11-04,-8.510861,-13.380711,0.5950587
464,2019-11-05,-8.583094,-13.333983,0.64432406
465,2019-11-06,-8.739866,-13.183329,0.5898569
466,2019-11-07,-8.654291,-13.10084,0.17827219
467,2019-11-08,-8.901111,-12.812494,0.16614805
468,2019-11-11,-8.739085,-12.467568,-0.4924126
469,2019-11-12,-8.807297,-12.355825,-0.50104463
470,2019-11-13,-9.056003,-12.301115,-0.06161377
471,2019-11-14,-9.386498,-12.088721,0.46544492
472,2019-11-15,-9.535463,-11.927232,0.63051474
473,2019-11-18,-9.759313,-11.619201,0.94855255
474,2019-11-19,-9.725902,-11.701859,0.7870627
475,2019-11-20,-9.85904,-11.400513,1.0897647
476,2019-11-21,-9.894403,-11.373852,1.0912856
477,2019-11-22,-5.390068,-2.6021554,6.8212075
478,2019-11-25,-5.4324994,-2.6148086,6.804674
479,2019-11-26,-4.358999,-1.2677847,7.2463436
480,2019-11-27,-4.4836836,-1.3190929,7.2080636
481,2019-11-29,-4.4527416,-1.2714723,7.221248
482,2019-12-02,-5.048713,-1.5452815,7.007708
483,2019-12-03,-5.46483,-1.6628392,6.913036
484,2019-12-04,-5.462159,-1.5340805,6.934213
485,2019-12-05,-5.1614146,-1.3203458,7.041426
486,2019-12-06,-6.040793,-1.6285572,6.9534183
487,2019-12-09,-6.701169,-1.848026,6.8874407
488,2019-12-10,-9.042829,-4.723856,2.6127367
489,2019-12-11,-7.729032,-5.5607495,-0.2983463
490,2019-12-12,-7.5439615,-5.799276,-1.1718378
491,2019-12-13,-8.042798,-5.6835713,-0.2152213
492,2019-12-16,-7.876618,-6.740148,-1.1725848
493,2019-12-17,-8.152973,-6.960338,-0.9145286
494,2019-12-18,-8.253806,-7.7644744,-1.1152997
495,2019-12-19,-8.372705,-8.653769,-1.3720773
496,2019-12-20,-8.848202,-8.96992,-1.2118112
497,2019-12-23,-9.097393,-9.437674,-1.3870234
498,2019-12-24,-9.425959,-9.4949465,-1.291979
499,2019-12-26,-9.426304,-9.627748,-1.4106133
500,2019-12-27,-9.697666,-9.480491,-0.9895185
501,2019-12-30,-10.519401,-8.596696,0.8383812
502,2019-12-31,-10.609488,-8.473216,1.0496409
503,2020-01-02,-10.319029,-8.870543,0.40869558
504,2020-01-03,-9.344397,-9.443034,-0.99811333
505,2020-01-06,-9.210397,-9.337717,-1.130968
506,2020-01-07,-8.336963,-9.729539,-1.6984588
507,2020-01-08,-7.7351656,-10.289778,-1.8689744
508,2020-01-09,-8.516437,-9.894134,-1.2025881
509,2020-01-10,-9.261759,-9.773381,0.048381522
510,2020-01-13,-8.004208,-10.377276,-1.4902283
511,2020-01-14,-7.8087044,-10.652821,-1.4519852
512,2020-01-15,-8.714788,-10.270513,-0.18972573
513,2020-01-16,-9.514963,-9.955052,1.316714
514,2020-01-17,-9.517327,-9.944196,1.4321557
515,2020-01-21,-8.790279,-10.360523,-0.10501202
516,2020-01-22,-7.850905,-10.713596,-0.94128007
517,2020-01-23,-8.378773,-10.50438,-0.26665664
518,2020-01-24,-8.83871,-10.350106,0.6467367
519,2020-01-27,-9.316714,-10.124357,1.4786097
520,2020-01-28,-9.1555,-10.233769,1.2116257
521,2020-01-29,-9.000884,-10.32899,0.81095695
522,2020-01-30,-7.262283,-10.761304,-1.2211175
523,2020-01-31,-7.345514,-10.726364,-1.1583974
524,2020-02-03,-6.2217627,-11.7447815,-1.2317979
525,2020-02-04,-6.1502614,-12.5767,-1.1212453
526,2020-02-05,-7.3376193,-11.566998,2.095747
527,2020-02-06,-7.4145174,-11.10247,2.392766
528,2020-02-07,-7.438945,-10.913903,2.5655646
529,2020-02-10,-7.4079814,-11.012817,2.4350178
530,2020-02-11,-7.446391,-10.681057,2.6529121
531,2020-02-12,-7.4079423,-10.530844,2.7690065
532,2020-02-13,-7.409377,-10.434584,2.6869733
533,2020-02-14,-7.3841324,-10.439406,2.6570616
534,2020-02-18,-7.160129,-10.566912,1.5780005
535,2020-02-19,-6.7617526,-10.786472,-0.653383
536,2020-02-20,-7.0637913,-10.465848,1.3768921
537,2020-02-21,-7.0690465,-10.410028,1.5327979
538,2020-02-24,-6.837316,-9.796529,3.2929194
539,2020-02-25,-2.7654617,-4.2929683,5.2195377
540,2020-02-26,-2.6389973,-3.684482,5.2374825
541,2020-02-27,-2.260152,-0.78539646,5.6661935
542,2020-02-28,-2.1833088,-0.571855,5.648913
543,2020-03-02,-2.5538702,-2.4216068,5.398996
544,2020-03-03,-2.5806692,-2.906528,5.2694926
545,2020-03-04,-2.56256,-2.7726114,5.2665663
546,2020-03-05,-2.5320032,-2.475565,5.2995157
547,2020-03-06,-2.447587,-2.0434957,5.3328967
548,2020-03-09,-1.9534854,0.17312056,5.32229
549,2020-03-10,-1.9891163,0.03590359,5.3111405
550,2020-03-11,-1.9655348,0.13197467,5.293589
551,2020-03-12,-1.7983136,0.73389554,5.2139325
552,2020-03-13,-1.7771324,0.8153072,5.1934934
553,2020-03-16,-1.4694664,9.166265,1.841405
554,2020-03-17,-1.4990005,9.164262,1.7310716
555,2020-03-18,-1.513133,9.2605715,1.5781144
556,2020-03-19,-2.0561297,8.12785,0.73570716
557,2020-03-20,-2.149093,7.8942266,0.6195961
558,2020-03-23,-2.1752753,7.901157,0.5953068
559,2020-03-24,-5.728162,4.2111826,-1.6847676
560,2020-03-25,-6.104062,3.5952775,-1.9087085
561,2020-03-26,-6.286442,3.4944038,-2.0202017
562,2020-03-27,-6.2000294,3.749282,-1.9896952
563,2020-03-30,-6.220503,3.777744,-2.014194
564,2020-03-31,-6.678222,3.144065,-2.218436
565,2020-04-01,-6.2918553,3.8238702,-2.0842912
566,2020-04-02,-6.0410714,4.2169166,-1.9913067
567,2020-04-03,-6.447877,3.6675951,-2.1412761
568,2020-04-06,-6.871729,2.9388263,-2.3021045
569,2020-04-07,-8.368908,0.37142652,-2.967944
570,2020-04-08,-8.354534,0.39801672,-2.9663897
571,2020-04-09,-8.425242,0.22260141,-2.976786
572,2020-04-13,-4.779318,-5.502651,-1.3500674
573,2020-04-14,-4.7890377,-5.6344132,-1.2718549
574,2020-04-15,-4.394508,-5.5696616,-0.8604007
575,2020-04-16,-3.8018875,-5.4715686,-0.27779168
576,2020-04-17,-3.5167282,-5.4329667,0.02710524
577,2020-04-20,-3.19495,-4.8826156,0.4880246
578,2020-04-21,-2.8402948,-3.867054,1.2236242
579,2020-04-22,-2.8679872,-4.0303545,1.1519437
580,2020-04-23,-2.8063045,-3.8972988,1.2970066
581,2020-04-24,-2.8043673,-3.9229798,1.3038999
582,2020-04-27,-3.1198633,-5.3547206,0.5518834
583,2020-04-28,-3.0124412,-5.3849883,0.7053789
584,2020-04-29,-3.2882996,-5.8652463,0.28818482
585,2020-04-30,-2.9526994,-6.4979987,0.59545517
586,2020-05-01,-2.4714227,-2.2700982,5.0673013
587,2020-05-04,-2.2513876,-3.847057,3.8008983
588,2020-05-05,-1.6599616,-5.289278,2.5071092
589,2020-05-06,-1.9109244,-5.238152,2.513605
590,2020-05-07,-1.9062456,-5.3331943,2.4630156
591,2020-05-08,-2.4309497,-6.35752,1.3898567
592,2020-05-11,-2.258194,-6.045462,1.7749789
593,2020-05-12,-2.491468,-6.438087,1.2968372
594,2020-05-13,-2.1311715,-4.970617,2.7763917
595,2020-05-14,-2.193371,-4.6759415,3.10545
596,2020-05-15,-2.156204,-4.943991,2.8046145
597,2020-05-18,-2.3261719,-6.0826216,1.6281081
598,2020-05-19,-2.2770681,-5.573678,2.1586955
599,2020-05-20,-2.6576118,-5.7290897,1.5975642
600,2020-05-21,-2.8409731,-5.629926,1.4987648
601,2020-05-22,-2.458448,-5.6249595,1.900108
602,2020-05-26,-2.427733,-5.6929326,1.7251493
603,2020-05-27,-2.257725,-4.54064,3.2137764
604,2020-05-28,-2.2185707,-4.292849,3.5464294
605,2020-05-29,-2.8228133,-5.7961106,1.2456429
606,2020-06-01,-4.0400944,-8.606911,-0.9539907
607,2020-06-02,-3.7723472,-8.299413,-0.34151062
608,2020-06-03,-3.3138783,-7.571735,0.533921
609,2020-06-04,-2.5013294,-6.4224973,1.9101136
610,2020-06-05,-2.7919333,-6.5003543,1.8233014
611,2020-06-08,-3.518025,-8.292585,0.6970283
612,2020-06-09,-3.4378324,-8.232309,1.0753008
613,2020-06-10,-3.9647973,-9.2672615,-0.078109995
614,2020-06-11,-3.5701578,-8.645141,1.3486952
615,2020-06-12,-3.0139744,-7.696487,2.618123
616,2020-06-15,-3.2896786,-8.288248,2.3541563
617,2020-06-16,-3.3891647,-8.485593,2.2320213
618,2020-06-17,-3.4060225,-8.528288,2.2163463
619,2020-06-18,-3.457398,-8.621732,2.0782628
620,2020-06-19,-3.3679655,-8.479131,2.3145573
621,2020-06-22,-3.2527778,-8.250764,2.54153
622,2020-06-23,-3.240822,-8.235021,2.5349274
623,2020-06-24,-2.4222326,-5.150071,4.5657716
624,2020-06-25,-2.3919778,-5.04937,4.6586704
625,2020-06-26,-2.3718736,-4.657657,4.8582125
626,2020-06-29,-2.5045063,-5.7079363,4.2802596
627,2020-06-30,-3.89894,-9.126463,-0.4515829
628,2020-07-01,-3.9964702,-9.483264,-0.5397382
629,2020-07-02,-4.168058,-10.2739525,-0.5605284
630,2020-07-06,-4.193028,-11.277703,-0.49965978
631,2020-07-07,-3.821266,-11.661677,-0.27740362
632,2020-07-08,-3.2751744,-11.955771,0.03439905
633,2020-07-09,-3.0925758,-12.016163,0.12830292
634,2020-07-10,-3.3129795,-11.984856,-0.004063232
635,2020-07-13,-3.3251255,-12.0548115,0.016842036
636,2020-07-14,-2.6433427,-12.129184,0.38032708
637,2020-07-15,-2.3883045,-12.134839,0.50566685
638,2020-07-16,-2.0539503,-12.103446,0.75301945
639,2020-07-17,-1.9126941,-12.061715,0.8552613
640,2020-07-20,-1.991194,-12.088702,0.54378873
641,2020-07-21,-1.8252594,-12.041322,0.74092805
642,2020-07-22,-1.6566005,-11.96807,0.8529684
643,2020-07-23,-1.517888,-11.714356,1.277574
644,2020-07-24,0.6695822,-10.366186,5.824602
645,2020-07-27,0.10417053,-10.219964,5.077286
646,2020-07-28,0.20916982,-10.225671,5.2471237
647,2020-07-29,0.2959232,-10.25032,5.3431234
648,2020-07-30,0.51764095,-10.334419,5.583136
649,2020-07-31,0.9384791,-10.549286,5.98631
650,2020-08-03,0.57427424,-10.366672,5.6067424
651,2020-08-04,0.43395755,-10.308967,5.438618
652,2020-08-05,0.5249295,-10.350835,5.521506
653,2020-08-06,0.417805,-10.309983,5.3800907
654,2020-08-07,0.90960765,-10.554941,5.8965282
655,2020-08-10,1.3243263,-10.796646,6.2732687
656,2020-08-11,1.503832,-10.904126,6.4310355
657,2020-08-12,-0.8805379,-10.682996,1.3856993
658,2020-08-13,-0.7470351,-10.125926,-0.04866917
659,2020-08-14,-0.69412047,-10.242675,-0.0034294783
660,2020-08-17,-0.61172676,-10.402106,-0.17168218
661,2020-08-18,-0.43080455,-10.822182,-0.18996285
662,2020-08-19,-0.27578497,-11.383571,0.024600023
663,2020-08-20,-0.1321912,-11.610571,-0.1138143
664,2020-08-21,-0.018582303,-11.780392,-0.21924388
665,2020-08-24,0.089460775,-12.00264,0.066242464
666,2020-08-25,0.26509285,-12.112839,0.23837028
667,2020-08-26,0.3013527,-12.057258,-0.16355067
668,2020-08-27,0.41970012,-12.059785,-0.3992968
669,2020-08-28,0.47875133,-12.093065,-0.32779786
670,2020-08-31,0.6574571,-12.0350895,-0.7617795
671,2020-09-01,0.65776294,-12.06585,-0.61912227
672,2020-09-02,1.1834656,-12.450272,0.85106355
673,2020-09-03,1.9085721,-12.33704,3.3184404
674,2020-09-04,2.0122116,-12.29846,3.73984
675,2020-09-08,2.8058727,-12.123869,6.604888
676,2020-09-09,2.7321157,-12.149841,6.170269
677,2020-09-10,2.606785,-12.170103,5.7307806
678,2020-09-11,2.6670427,-12.228164,5.716283
679,2020-09-14,2.2731788,-12.533349,3.747904
680,2020-09-15,1.879847,-12.742893,1.7927378
681,2020-09-16,2.0241542,-12.774499,2.029433
682,2020-09-17,2.3422868,-12.728806,3.0104206
683,2020-09-18,2.2557483,-12.862856,2.1650853
684,2020-09-21,2.460852,-12.919522,2.1775753
685,2020-09-22,2.9049563,-12.804012,2.583284
686,2020-09-23,2.9391096,-12.911743,4.9321327
687,2020-09-24,3.0790286,-12.952903,5.188434
688,2020-09-25,3.004422,-13.160166,3.9248161
689,2020-09-28,2.6977568,-13.436683,2.9864244
690,2020-09-29,2.8137083,-13.247478,3.2644563
691,2020-09-30,2.737978,-13.377524,2.713489
692,2020-10-01,2.827885,-13.458874,1.5820748
693,2020-10-02,2.9792976,-13.095379,3.6200693
694,2020-10-05,3.103976,-13.247016,3.1194181
695,2020-10-06,3.1157677,-13.1350355,4.070133
696,2020-10-07,3.229109,-13.350948,3.2575583
697,2020-10-08,3.2867804,-13.508384,2.536074
698,2020-10-09,3.254366,-13.678759,2.1657267
699,2020-10-12,3.2814963,-13.747061,1.3404368
700,2020-10-13,3.2652912,-13.743685,1.2399974
701,2020-10-14,3.24193,-13.734104,0.7165029
702,2020-10-15,3.2469025,-13.636881,1.498182
703,2020-10-16,3.364619,-13.342218,2.2597086
704,2020-10-19,3.4689302,-13.066999,3.8761954
705,2020-10-20,3.5658777,-12.738062,5.414805
706,2020-10-21,3.5994067,-12.816857,5.2334404
707,2020-10-22,3.6375232,-12.967153,4.5924344
708,2020-10-23,3.6593614,-12.811949,6.1258116
709,2020-10-26,3.692444,-12.838885,6.0661054
710,2020-10-27,3.7585495,-12.906924,5.4580274
711,2020-10-28,3.7113516,-12.928842,6.670857
712,2020-10-29,3.8237119,-13.035874,6.433863
713,2020-10-30,3.8665438,-13.147019,7.015327
714,2020-11-02,3.9696717,-13.279523,6.635502
715,2020-11-03,4.0434275,-13.704748,4.85085
716,2020-11-04,4.0191245,-13.850182,4.063194
717,2020-11-05,3.773875,-14.03266,1.8695124
718,2020-11-06,3.886202,-14.058886,2.3135812
719,2020-11-09,3.9358602,-14.042784,2.4808402
720,2020-11-10,4.148237,-13.632564,5.8300815
721,2020-11-11,4.11677,-13.773613,4.9488664
722,2020-11-12,4.1154256,-13.736012,5.0858445
723,2020-11-13,4.159776,-13.636664,5.8006773
724,2020-11-16,4.1760154,-13.676433,5.687415
725,2020-11-17,3.443241,-13.835483,0.8867982
726,2020-11-18,1.9166921,-12.21849,-1.5921884
727,2020-11-19,1.9271249,-12.051842,-1.9151553
728,2020-11-20,1.9232408,-12.037757,-1.8920474
729,2020-11-23,1.9897307,-11.86573,-2.2338772
730,2020-11-24,2.0210075,-11.740547,-2.4947135
731,2020-11-25,2.0694985,-11.6691885,-2.612526
732,2020-11-27,2.1160865,-11.597733,-2.724834
733,2020-11-30,2.371652,-11.398862,-3.0690632
734,2020-12-01,2.4985924,-11.255337,-3.3026907
735,2020-12-02,2.9111638,-11.193537,-4.049219
736,2020-12-03,2.7547684,-11.048485,-3.7683754
737,2020-12-04,2.8585696,-10.961833,-3.9614544
738,2020-12-07,2.6843061,-10.75258,-3.633541
739,2020-12-08,2.763742,-10.558293,-3.7696784
740,2020-12-09,3.155534,-10.759938,-4.53685
741,2020-12-10,3.2855952,-10.786091,-4.79896
742,2020-12-11,3.3732688,-10.819219,-4.9801564
743,2020-12-14,3.2307117,-10.305457,-4.6613426
744,2020-12-15,3.325343,-10.3377905,-4.857902
745,2020-12-16,3.5323606,-10.762697,-5.3075957
746,2020-12-17,3.362528,-9.998361,-4.9081964
747,2020-12-18,3.3488514,-9.317826,-4.790761
748,2020-12-21,3.5310206,-10.1909075,-5.28233
749,2020-12-22,3.699084,-10.786635,-5.662161
750,2020-12-23,3.7077067,-10.67833,-5.6749496
751,2020-12-24,3.6563423,-10.078712,-5.535813
752,2020-12-28,3.654212,-9.809052,-5.512106
753,2020-12-29,3.714107,-10.119183,-5.6591983
754,2020-12-30,3.6131225,-9.33767,-5.3800907
755,2020-12-31,3.6203942,-9.091493,-5.3576665
756,2021-01-04,3.6318955,-8.804098,-5.3120756
757,2021-01-05,3.6534927,-8.94292,-5.4262943
758,2021-01-06,3.6807735,-8.615631,-5.421997
759,2021-01-07,3.7620192,-8.114916,-5.413564
760,2021-01-08,3.8268814,-7.8218274,-5.322688
761,2021-01-11,3.8833506,-7.4443398,-5.9256215
762,2021-01-12,3.9168696,-7.3108044,-5.90207
763,2021-01-13,3.9553552,-7.0445414,-6.052267
764,2021-01-14,3.983513,-6.762827,-6.215739
765,2021-01-15,3.9313118,-6.4290814,-6.456778
766,2021-01-19,3.9773095,-6.379979,-6.436483
767,2021-01-20,3.991499,-6.2840858,-6.47845
768,2021-01-21,3.9727664,-6.067832,-6.5943947
769,2021-01-22,3.933536,-5.772133,-6.745676
770,2021-01-25,4.2603407,-5.9738026,-6.457414
771,2021-01-26,4.4434004,-6.0408607,-6.303298
772,2021-01-27,4.239258,-5.672358,-6.613598
773,2021-01-28,3.0637646,-3.1119194,-8.04859
774,2021-01-29,2.7207344,-2.7706716,-8.43704
775,2021-02-01,3.1028142,-3.1230044,-8.002389
776,2021-02-02,4.064508,-5.0962586,-6.976889
777,2021-02-03,3.964189,-4.8544555,-7.12002
778,2021-02-04,3.7196834,-4.3239436,-7.404882
779,2021-02-05,3.796048,-4.470133,-7.32844
780,2021-02-08,3.970583,-4.787412,-7.148923
781,2021-02-09,3.7079942,-4.2606754,-7.433156
782,2021-02-10,2.8232956,-2.482599,-8.2548275
783,2021-02-11,2.8343704,-2.4484258,-8.237498
784,2021-02-12,2.8139646,-2.384026,-8.251025
785,2021-02-16,2.7193055,-2.151062,-8.326542
786,2021-02-17,2.6502728,-1.9763964,-8.395217
787,2021-02-18,2.6547804,-1.9285084,-8.38958
788,2021-02-19,2.6454828,-1.8852931,-8.397728
789,2021-02-22,2.1381927,-0.9095993,-8.846185
790,2021-02-23,1.8830048,-0.49386656,-9.087306
791,2021-02-24,2.4948711,-0.56373185,-8.584987
792,2021-02-25,2.2307174,-0.07172153,-8.845848
793,2021-02-26,2.2102592,0.2036155,-8.893122
794,2021-03-01,2.6020045,0.22105895,-8.560458
795,2021-03-02,2.5242944,0.39316866,-8.652146
796,2021-03-03,2.2079601,0.6191635,-8.965795
797,2021-03-04,1.8020638,0.9603634,-9.343195
798,2021-03-05,1.5550346,1.189613,-9.513367
799,2021-03-08,1.4885854,1.2590947,-9.542907
800,2021-03-09,3.3327107,2.103834,-8.642545
801,2021-03-10,3.9890954,2.658392,-8.203816
802,2021-03-11,4.840652,3.240724,-8.271901
803,2021-03-12,4.8678136,3.2280288,-8.340857
804,2021-03-15,5.42718,3.3333967,-8.433956
805,2021-03-16,4.731607,3.1034558,-8.291936
806,2021-03-17,5.148196,3.2169726,-8.400471
807,2021-03-18,4.159317,2.8378823,-8.452189
808,2021-03-19,3.7639718,2.6090565,-8.617955
809,2021-03-22,5.0179567,3.0515685,-8.170421
810,2021-03-23,4.500098,2.9292655,-8.237062
811,2021-03-24,3.528495,2.4306276,-8.842179
812,2021-03-25,3.1243865,2.0838072,-9.322402
813,2021-03-26,2.6498754,1.6259183,-10.003462
814,2021-03-29,2.4596374,1.5131676,-10.074212
815,2021-03-30,2.9570546,1.8883017,-9.609526
816,2021-03-31,4.582381,2.9036071,-7.789813
817,2021-04-01,5.208334,2.9914541,-7.7142205
818,2021-04-05,6.4931426,2.787015,-7.6564455
819,2021-04-06,6.3810554,2.797803,-7.728681
820,2021-04-07,5.833564,2.9614053,-7.7778363
821,2021-04-08,6.1430273,2.832388,-7.808196
822,2021-04-09,5.849325,2.8909476,-7.832325
823,2021-04-12,6.7034907,2.5400224,-7.7546935
824,2021-04-13,8.255083,1.4053605,-7.416286
825,2021-04-14,8.086318,1.4202005,-7.6636176
826,2021-04-15,7.7332745,1.5117334,-8.071347
827,2021-04-16,7.7193666,1.4414965,-8.227264
828,2021-04-19,6.891456,1.5940878,-9.077166
829,2021-04-20,7.110712,1.33518,-9.191132
830,2021-04-21,7.3595357,1.226648,-9.024072
831,2021-04-22,7.249097,1.1077044,-9.314637
832,2021-04-23,7.2177277,1.063114,-9.360932
833,2021-04-26,7.5301123,0.93322635,-9.152473
834,2021-04-27,5.294097,0.17234343,-10.702465
835,2021-04-28,4.324886,0.0035705282,-11.162143
836,2021-04-29,3.3280153,0.058143295,-11.268284
837,2021-04-30,4.2894917,-0.09381978,-11.245969
838,2021-05-03,3.951927,0.07501503,-11.34214
839,2021-05-04,3.3335745,0.32748285,-11.19954
840,2021-05-05,3.5411227,0.36987576,-11.233509
841,2021-05-06,3.310394,0.55313444,-11.131282
842,2021-05-07,3.8655372,0.43697876,-11.29154
843,2021-05-10,2.587552,1.2598134,-10.7890625
844,2021-05-11,10.49045,7.8829737,-6.5739565
845,2021-05-12,10.344402,7.93873,-6.5207872
846,2021-05-13,10.196786,7.9795547,-6.500149
847,2021-05-14,9.846646,7.9313126,-6.5012727
848,2021-05-17,9.701404,7.9468575,-6.489503
849,2021-05-18,9.459461,7.8950253,-6.477856
850,2021-05-19,9.5919285,7.9785795,-6.48718
851,2021-05-20,8.7814665,7.669295,-6.4192996
852,2021-05-21,8.516961,7.582003,-6.3863487
853,2021-05-24,7.462103,7.016228,-6.3203187
854,2021-05-25,7.18806,6.6626186,-6.248939
855,2021-05-26,6.6425867,5.67804,-6.154823
856,2021-05-27,6.41011,4.493251,-5.849543
857,2021-05-28,6.4390554,4.2618313,-5.787783
858,2021-06-01,6.423572,4.360861,-5.83282
859,2021-06-02,6.41891,5.6379843,-6.1575556
860,2021-06-03,7.4268265,7.3110776,-6.358653
861,2021-06-04,6.8550935,6.7652173,-6.323967
862,2021-06-07,6.6063385,6.3672132,-6.3196096
863,2021-06-08,6.465403,5.944217,-6.2697554
864,2021-06-09,6.7000375,6.62057,-6.372134
865,2021-06-10,6.4810514,6.0454717,-6.33759
866,2021-06-11,6.487692,6.2742133,-6.4196653
867,2021-06-14,6.3801794,5.157438,-6.178965
868,2021-06-15,6.657786,6.8175645,-6.4884315
869,2021-06-16,6.634182,6.8580284,-6.5239873
870,2021-06-17,6.369573,5.304704,-6.2619452
871,2021-06-18,6.531436,4.0356827,-5.974919
872,2021-06-21,6.534562,4.023313,-5.968288
873,2021-06-22,6.5549207,3.9529438,-5.997093
874,2021-06-23,8.784941,1.1645166,-6.582689
875,2021-06-24,8.902173,0.9313592,-6.5699315
876,2021-06-25,8.710692,0.79707485,-7.143941
877,2021-06-28,8.606564,0.576079,-7.599788
878,2021-06-29,8.429849,0.42521426,-8.114454
879,2021-06-30,8.355518,0.27170175,-8.35526
880,2021-07-01,8.1985,0.15913406,-8.663133
881,2021-07-02,8.201938,0.007702326,-8.700756
882,2021-07-06,7.241429,0.055738714,-9.98944
883,2021-07-07,6.2512784,0.0030498207,-11.200523
884,2021-07-08,5.803259,-0.044116784,-11.509423
885,2021-07-09,6.2569675,-0.25442943,-11.111664
886,2021-07-12,8.03397,-0.5362317,-9.041085
887,2021-07-13,7.622457,-0.57986677,-9.556354
888,2021-07-14,5.977419,-0.7731518,-11.175068
889,2021-07-15,5.25844,-0.65457594,-11.572904
890,2021-07-16,5.07765,-0.50297785,-11.6699505
891,2021-07-19,4.604047,-0.38436398,-11.790115
892,2021-07-20,6.239515,-0.538139,-11.142169
893,2021-07-21,6.485318,-0.45059258,-10.932955
894,2021-07-22,6.0588255,-0.45175993,-11.296702
895,2021-07-23,5.0988507,-0.40039983,-11.7193775
896,2021-07-26,7.04895,-0.2712742,-10.36209
897,2021-07-27,5.5067496,-0.33732906,-11.595808
898,2021-07-28,5.5818305,-0.33818233,-11.594272
899,2021-07-29,8.412573,-0.09989598,-8.446507
900,2021-07-30,9.265405,-0.6732742,-6.6083345
901,2021-08-02,9.629958,-1.4489104,-5.8561373
902,2021-08-03,9.555695,-1.8103878,-6.2275763
903,2021-08-04,9.523638,-2.1566699,-6.4681907
904,2021-08-05,9.404484,-2.3613074,-6.896048
905,2021-08-06,8.663463,-2.1116254,-8.221436
906,2021-08-09,8.942748,-2.4475274,-7.789337
907,2021-08-10,8.631143,-2.3573847,-8.191017
908,2021-08-11,8.48205,-2.3181345,-8.351791
909,2021-08-12,8.770983,-2.6123114,-8.086123
910,2021-08-13,8.775488,-2.6599755,-7.857338
911,2021-08-16,6.0699353,-1.5421085,-10.393517
912,2021-08-17,3.6364703,-0.7776627,-11.455937
913,2021-08-18,5.196163,-1.356231,-10.925538
914,2021-08-19,4.3972926,-0.99365383,-11.305668
915,2021-08-20,5.1818485,-1.155641,-11.041703
916,2021-08-23,7.2954655,-1.737914,-9.429292
917,2021-08-24,7.888516,-1.999182,-8.856233
918,2021-08-25,8.065119,-2.1219535,-8.664103
919,2021-08-26,7.5942073,-1.8288473,-9.136367
920,2021-08-27,7.9662814,-2.0740817,-8.753596
921,2021-08-30,9.306939,-2.7688756,-7.100249
922,2021-08-31,9.421233,-2.8563142,-6.4717803
923,2021-09-01,9.350628,-2.9575622,-6.6003175
924,2021-09-02,9.186459,-3.0275335,-6.9122825
925,2021-09-03,8.759678,-3.155308,-7.561211
926,2021-09-07,9.309104,-3.421043,-6.0591593
927,2021-09-08,9.129477,-3.5684564,-6.2594333
928,2021-09-09,9.078076,-3.6763732,-6.268751
929,2021-09-10,7.9344893,-3.6787612,-7.6887317
930,2021-09-13,7.12102,-3.0930603,-8.695991
931,2021-09-14,7.807543,-3.7613318,-7.768958
932,2021-09-15,8.37107,-3.9256012,-7.353268
933,2021-09-16,8.563511,-4.0021815,-7.077725
934,2021-09-17,8.721376,-4.0427313,-6.9091887
935,2021-09-20,5.6859436,-2.3620124,-9.866956
936,2021-09-21,6.228127,-2.6395793,-9.454232
937,2021-09-22,7.332404,-3.607204,-8.226739
938,2021-09-23,7.804711,-3.909829,-7.749788
939,2021-09-24,9.270259,-4.0749154,-5.9586616
940,2021-09-27,9.5606365,-4.0158567,-4.580242
941,2021-09-28,8.994935,-4.199195,-5.5623703
942,2021-09-29,8.773747,-4.291861,-5.879502
943,2021-09-30,8.204895,-4.357499,-6.5279927
944,2021-10-01,7.580471,-4.2488146,-7.4163175
945,2021-10-04,8.20886,-4.4830523,-6.288919
946,2021-10-05,7.7761445,-4.448851,-6.954874
947,2021-10-06,7.5272183,-4.355357,-7.3501086
948,2021-10-07,8.272445,-4.5703735,-6.365553
949,2021-10-08,7.665383,-4.4952354,-7.0829206
950,2021-10-11,8.060508,-4.5956964,-6.589632
951,2021-10-12,9.153072,-4.440733,-5.132458
952,2021-10-13,9.291995,-4.4149103,-4.8778787
953,2021-10-14,9.292009,-4.4882207,-4.826885
954,2021-10-15,9.468105,-4.593242,-4.39841
955,2021-10-18,9.593861,-4.8257732,-4.022846
956,2021-10-19,9.46749,-5.069568,-4.0842094
957,2021-10-20,9.340199,-5.2555566,-4.1703377
958,2021-10-21,9.447098,-5.275319,-3.9778082
959,2021-10-22,9.513415,-5.3022385,-3.85432
960,2021-10-25,10.418343,-5.594054,-2.310928
961,2021-10-26,10.469061,-5.60841,-2.222941
962,2021-10-27,10.555185,-5.61401,-2.0822678
963,2021-10-28,10.67114,-5.6227865,-1.8908354
964,2021-10-29,10.779144,-5.627188,-1.714894
965,2021-11-01,10.859405,-5.635191,-1.5814116
966,2021-11-02,10.965764,-5.622784,-1.415907
967,2021-11-03,11.0602045,-5.6171513,-1.2642161
968,2021-11-04,11.113065,-5.6112943,-1.1823134
969,2021-11-05,11.239647,-5.5866156,-0.9898484
970,2021-11-08,11.572031,-5.5055156,-0.50677466
971,2021-11-09,16.281998,-3.6775725,3.4142244
972,2021-11-10,16.33387,-3.5231578,3.39179
973,2021-11-11,16.34791,-3.4665835,3.4128733
974,2021-11-12,16.542416,-2.7659943,3.2882864
975,2021-11-15,16.6078,-2.3368216,3.1729097
976,2021-11-16,16.373661,-2.6716967,3.5435894
977,2021-11-17,16.116154,-3.1165023,3.8996096
978,2021-11-18,16.016792,-3.1498618,4.00939
979,2021-11-19,15.650048,-3.4776962,4.3692193
980,2021-11-22,15.208644,-3.7120497,4.6142387
981,2021-11-23,15.402124,-3.3152874,4.491019
982,2021-11-24,15.409994,-3.200472,4.475179
983,2021-11-26,15.46954,-3.0135138,4.4217286
984,2021-11-29,14.670263,-3.3949637,4.8748574
985,2021-11-30,14.27744,-3.4743524,4.9541755
986,2021-12-01,14.926538,-3.0794437,4.680932
987,2021-12-02,15.4699545,-2.4063008,4.19451
988,2021-12-03,16.32914,-0.82985175,2.99476
989,2021-12-06,16.66028,-0.34239402,2.5867376
990,2021-12-07,16.12398,-1.0443788,3.2132852
991,2021-12-08,15.839939,-1.3573563,3.5575442
992,2021-12-09,16.136192,-0.43443736,2.9592292
993,2021-12-10,16.042963,-0.28756922,2.9882395
994,2021-12-13,16.151217,0.6177719,2.5987067
995,2021-12-14,16.058155,0.903079,2.5696409
996,2021-12-15,15.911305,0.83894634,2.7049758
997,2021-12-16,15.870299,1.2638525,2.5954323
998,2021-12-17,15.766027,1.5160111,2.5797703
999,2021-12-20,15.737506,1.898767,2.4068434
1000,2021-12-21,15.492573,1.8418118,2.7125602
1001,2021-12-22,13.726937,1.0520135,4.387416
1002,2021-12-23,13.494349,-2.4094865,5.820619
1003,2021-12-27,13.387916,-2.6920679,5.766457
1004,2021-12-28,13.457745,-2.6899912,5.7248964
1005,2021-12-29,13.595098,-2.6032317,5.6538434
1006,2021-12-30,13.803866,-2.3947682,5.488209
1007,2021-12-31,13.977651,-2.1576998,5.3491063
1008,2022-01-03,12.989056,-3.6289434,5.0171533
1009,2022-01-04,13.353801,-3.4192898,5.063735
1010,2022-01-05,14.092353,-2.4577405,5.066502
1011,2022-01-06,14.615496,-1.2866349,4.709367
1012,2022-01-07,14.9373045,-0.679409,4.345149
1013,2022-01-10,15.015722,-0.6093749,4.3550253
1014,2022-01-11,14.969957,-0.8098672,4.29031
1015,2022-01-12,14.446672,-1.8649913,4.7465916
1016,2022-01-13,15.319443,-0.37236398,3.6169572
1017,2022-01-14,15.38863,-0.17227067,3.5717373
1018,2022-01-18,15.449567,0.058383718,3.3353674
1019,2022-01-19,15.670226,0.6884027,3.0079696
1020,2022-01-20,15.613857,0.7652654,3.025292
1021,2022-01-21,15.868574,2.2505598,2.15074
1022,2022-01-24,15.8970375,3.1356716,1.553224
1023,2022-01-25,15.771893,2.8973904,1.8750311
1024,2022-01-26,15.262863,2.6141708,2.656426
1025,2022-01-27,15.769988,3.7190232,1.3289351
1026,2022-01-28,15.687746,3.8241756,1.3020234
1027,2022-01-31,14.38838,3.2642243,3.2693293
1028,2022-02-01,14.102859,3.2591424,3.455503
1029,2022-02-02,14.257253,3.3481708,3.2730656
1030,2022-02-03,14.128593,3.4369931,3.274895
1031,2022-02-04,13.774882,3.4755924,3.6330554
1032,2022-02-07,13.597605,3.5374074,3.742105
1033,2022-02-08,13.410659,3.6761127,3.8544905
1034,2022-02-09,12.824411,3.8980591,4.4760027
1035,2022-02-10,13.022116,3.940175,4.213424
1036,2022-02-11,13.91625,4.010202,2.4031289
1037,2022-02-14,13.814961,3.9661722,2.6258812
1038,2022-02-15,12.712885,4.1940446,4.345121
1039,2022-02-16,12.563473,4.242082,4.490105
1040,2022-02-17,13.748357,3.9838934,2.343006
1041,2022-02-18,14.292811,4.268117,1.0696633
1042,2022-02-22,14.491758,4.6245804,0.6123667
1043,2022-02-23,14.515153,5.048175,0.22637945
1044,2022-02-24,14.334131,5.302451,0.5234868
1045,2022-02-25,13.300416,5.5386634,1.3809074
1046,2022-02-28,12.5612335,5.214052,3.461565
1047,2022-03-01,12.407586,5.090202,3.8028765
1048,2022-03-02,12.301783,5.0508423,3.9960055
1049,2022-03-03,12.517693,5.261209,3.5089211
1050,2022-03-04,12.559944,5.384494,3.2416897
1051,2022-03-07,12.762539,5.5342956,2.6035674
1052,2022-03-08,12.69199,5.568907,2.7206612
1053,2022-03-09,12.020178,5.3101945,3.9555893
1054,2022-03-10,12.231284,5.453057,3.5955093
1055,2022-03-11,12.712526,5.6452174,2.5520213
1056,2022-03-14,13.2381,5.779099,1.2300982
1057,2022-03-15,12.920975,5.783069,1.9467491
1058,2022-03-16,12.227829,5.6258893,3.3792582
1059,2022-03-17,11.535852,5.142714,4.300352
1060,2022-03-18,10.495791,4.4899955,4.9499183
1061,2022-03-21,10.335802,4.35019,5.0502677
1062,2022-03-22,9.995973,-3.4641416,5.2997036
1063,2022-03-23,10.101527,-3.4556127,5.08396
1064,2022-03-24,10.255078,-3.4550312,4.9191823
1065,2022-03-25,10.4215975,-3.4967988,4.79913
1066,2022-03-28,11.239091,-3.9724333,4.359811
1067,2022-03-29,11.4518175,-3.9891858,4.2921305
1068,2022-03-30,11.603462,-3.970348,4.25716
1069,2022-03-31,11.753208,-3.9165819,4.219678
1070,2022-04-01,11.860779,-3.895818,4.190981
1071,2022-04-04,11.872604,-3.987563,4.2074056
1072,2022-04-05,12.142199,-3.818055,4.0968323
1073,2022-04-06,13.315383,-2.747992,3.3077936
1074,2022-04-07,13.39458,-2.6758854,3.259829
1075,2022-04-08,13.709122,-2.2243087,2.8753805
1076,2022-04-11,14.802525,-0.8299231,1.5262035
1077,2022-04-12,14.646746,-0.91816705,1.6801357
1078,2022-04-13,14.402179,-1.1922493,1.9653432
1079,2022-04-14,14.582001,-0.8947027,1.7427368
1080,2022-04-18,14.372049,-0.9805356,1.9486681
1081,2022-04-19,14.071899,-1.2927191,2.2389064
1082,2022-04-20,14.305863,-0.88319594,1.9606208
1083,2022-04-21,13.912149,-1.4105496,2.3795466
1084,2022-04-22,14.063364,-1.1704801,2.2292526
1085,2022-04-25,14.205933,-0.8832707,2.0814912
1086,2022-04-26,14.511502,2.428687,0.44683853
1087,2022-04-27,14.49145,2.5100486,0.4652544
1088,2022-04-28,14.387641,2.7069867,0.6449968
1089,2022-04-29,13.701176,2.5927794,1.780651
1090,2022-05-02,13.54746,2.6515908,2.073007
1091,2022-05-03,13.321126,2.5080369,2.6344767
1092,2022-05-04,13.126466,2.2986083,3.2393675
1093,2022-05-05,13.437248,2.6925302,2.3892343
1094,2022-05-06,13.549749,2.9355347,2.1322358
1095,2022-05-09,14.063573,4.7170997,0.3545553
1096,2022-05-10,13.945219,4.816467,0.5539079
1097,2022-05-11,14.100802,5.253499,-0.005543711
1098,2022-05-12,13.943942,5.524262,-0.07372315
1099,2022-05-13,13.225972,5.8106556,0.603764
1100,2022-05-16,13.144354,6.0593038,0.2761047
1101,2022-05-17,12.9706955,6.084996,0.6804738
1102,2022-05-18,12.946665,6.300397,0.087149926
1103,2022-05-19,12.842667,6.3836265,0.023635428
1104,2022-05-20,12.794024,6.5223055,-0.4628827
1105,2022-05-23,12.625634,6.6370354,-0.49366018
1106,2022-05-24,12.654303,6.6344795,-0.793378
1107,2022-05-25,12.358605,6.839655,-0.6443559
1108,2022-05-26,11.410221,7.552939,-0.17103474
1109,2022-05-27,9.416727,7.869196,2.5244615
1110,2022-05-31,9.15565,7.861682,2.7243419
1111,2022-06-01,9.209966,7.846236,2.6715019
1112,2022-06-02,8.907834,7.7504015,2.937546
1113,2022-06-03,9.828963,7.9132695,1.4483942
1114,2022-06-06,9.646382,7.9419084,1.5513331
1115,2022-06-07,9.69875,7.9576793,1.3612968
1116,2022-06-08,9.191698,7.9807844,2.0189924
1117,2022-06-09,9.122046,8.014299,1.9209753
1118,2022-06-10,9.71929,7.9469604,0.675283
1119,2022-06-13,10.569371,7.3857393,-1.5575049
1120,2022-06-14,10.437951,7.4269466,-1.5386726
1121,2022-06-15,9.828681,7.8375697,-0.4769541
1122,2022-06-16,10.570305,7.453131,-1.8951752
1123,2022-06-17,10.521978,7.6564407,-1.7499421
1124,2022-06-21,8.724046,8.509725,0.9799446
1125,2022-06-22,8.331707,8.355701,1.429945
1126,2022-06-23,8.541774,8.364879,1.1566582
1127,2022-06-24,7.5851107,7.898149,2.4172876
1128,2022-06-27,7.3295436,7.852508,2.538817
1129,2022-06-28,8.126984,8.140007,1.4725952
1130,2022-06-29,9.011341,8.146195,0.19596785
1131,2022-06-30,9.247032,8.127068,-0.18659797
1132,2022-07-01,8.917708,8.217864,0.17066626
1133,2022-07-05,8.664875,8.135093,0.2937016
1134,2022-07-06,8.363399,8.259631,0.66186446
1135,2022-07-07,7.2361107,7.849544,2.2240865
1136,2022-07-08,6.665687,7.5338044,2.4770882
1137,2022-07-11,7.4950466,7.986219,1.4115889
1138,2022-07-12,8.250779,8.118389,0.36287147
1139,2022-07-13,8.038867,8.107235,0.63670313
1140,2022-07-14,7.8547697,8.038233,0.7508357
1141,2022-07-15,7.185738,7.79652,1.5995901
1142,2022-07-18,6.7416573,7.566022,2.0703895
1143,2022-07-19,6.6551485,7.4956865,2.1066384
1144,2022-07-20,6.4072742,7.336783,2.2080843
1145,2022-07-21,7.096991,-4.387726,2.6089323
1146,2022-07-22,7.2111077,-4.3707376,2.693404
1147,2022-07-25,7.370087,-3.8839362,2.8313243
1148,2022-07-26,7.3463154,-2.835961,2.7564628
1149,2022-07-27,7.4717426,-3.595777,2.9094813
1150,2022-07-28,7.6008687,-3.8563585,3.0064719
1151,2022-07-29,7.8637757,-4.208071,3.1792998
1152,2022-08-01,7.940904,-4.2696652,3.226171
1153,2022-08-02,8.016492,-4.126604,3.2913961
1154,2022-08-03,8.115491,-4.132688,3.3569796
1155,2022-08-04,8.205928,-4.000744,3.4361112
1156,2022-08-05,8.211153,-2.1393101,3.304036
1157,2022-08-08,8.253979,-2.0722077,3.3276057
1158,2022-08-09,8.406558,-1.1808859,2.9069293
1159,2022-08-10,8.394072,-1.5085727,3.215217
1160,2022-08-11,8.5006275,-1.1479993,3.0438638
1161,2022-08-12,8.480965,-1.6319209,3.480968
1162,2022-08-15,8.710079,-2.6480136,4.138534
1163,2022-08-16,8.736408,-2.3816543,4.141793
1164,2022-08-17,8.66822,-1.795421,3.8541417
1165,2022-08-18,8.725266,-1.4689817,3.7729895
1166,2022-08-19,8.900278,-0.62666965,2.9369717
1167,2022-08-22,9.351781,-0.014298486,2.272794
1168,2022-08-23,9.024122,-0.4312689,2.851016
1169,2022-08-24,8.9110985,-0.80582505,3.466885
1170,2022-08-25,8.966502,-0.6199941,3.171905
1171,2022-08-26,9.319778,-0.048284795,2.5285707
1172,2022-08-29,10.000949,0.599356,1.4126639
1173,2022-08-30,10.1544,0.77067935,1.2508954
1174,2022-08-31,10.1966505,0.8384599,1.2528253
1175,2022-09-01,10.182679,0.8758376,1.4101278
1176,2022-09-02,10.190331,0.92984015,1.457722
1177,2022-09-06,10.160702,0.93343437,1.6084895
1178,2022-09-07,9.677767,0.4245093,2.5014517
1179,2022-09-08,9.276682,-0.19087625,3.3974855
1180,2022-09-09,8.989215,-1.4591767,4.7915483
1181,2022-09-12,9.101852,-1.9590651,5.020135
1182,2022-09-13,9.15171,-0.88889575,4.2714314
1183,2022-09-14,9.147488,-1.6943208,4.932282
1184,2022-09-15,9.191018,-1.8601012,5.034307
1185,2022-09-16,9.204058,-1.6103519,4.872271
1186,2022-09-19,9.280592,-1.8535691,5.0599775
1187,2022-09-20,9.300634,-1.9336513,5.047233
1188,2022-09-21,9.274512,-1.4699483,4.737897
1189,2022-09-22,9.439208,0.027078182,3.1741576
1190,2022-09-23,10.537977,1.3942789,1.7056444
1191,2022-09-26,10.600225,1.4691942,1.5876906
1192,2022-09-27,10.3036375,1.1606604,2.0236218
1193,2022-09-28,10.176159,1.0314813,2.2424212
1194,2022-09-29,10.966143,1.9989369,1.3354329
1195,2022-09-30,11.077053,2.174272,1.250718
1196,2022-10-03,14.329553,7.4388804,-1.8524983
1197,2022-10-04,14.27548,7.451336,-1.8456889
1198,2022-10-05,14.095157,7.554223,-1.8797314
1199,2022-10-06,13.945154,7.612409,-1.882126
1200,2022-10-07,13.7242565,7.7132525,-1.9153401
1201,2022-10-10,13.506066,7.768204,-1.8932683
1202,2022-10-11,13.318907,7.8063083,-1.8766185
1203,2022-10-12,13.094636,7.8594627,-1.8532245
1204,2022-10-13,12.641402,8.000309,-1.7981349
1205,2022-10-14,12.646855,7.9636374,-1.8440057
1206,2022-10-17,11.907893,8.268529,-1.6607012
1207,2022-10-18,11.61606,8.480149,-1.4377187
1208,2022-10-19,11.38031,8.518417,-1.3617661
1209,2022-10-20,11.62926,8.166547,-2.0296657
1210,2022-10-21,11.153129,8.363098,-1.852807
1211,2022-10-24,11.058374,8.287367,-2.0954075
1212,2022-10-25,9.122453,9.037411,0.14522648
1213,2022-10-26,7.7668543,8.762762,3.106815
1214,2022-10-27,7.593264,8.695535,3.2132325
1215,2022-10-28,7.676831,8.65511,3.1041145
1216,2022-10-31,7.608494,8.617236,3.0933936
1217,2022-11-01,7.4811664,8.588713,3.1268082
1218,2022-11-02,8.866782,8.833568,-0.021123813
1219,2022-11-03,9.095479,8.568288,-0.56548166
1220,2022-11-04,9.766182,8.3749695,-1.9580805
1221,2022-11-07,10.440282,8.456506,-3.1965995
1222,2022-11-08,10.5167675,8.649309,-3.5994334
1223,2022-11-09,10.487009,8.807729,-3.8274295
1224,2022-11-10,9.850695,8.626974,-3.585954
1225,2022-11-11,9.14012,8.412134,-3.458401
1226,2022-11-14,8.976131,8.424614,-3.6044002
1227,2022-11-15,8.507588,8.226309,-3.6556768
1228,2022-11-16,8.822229,8.448012,-3.755969
1229,2022-11-17,9.066349,8.661155,-3.897741
1230,2022-11-18,9.157085,8.821872,-4.0382385
1231,2022-11-21,9.77567,9.356343,-4.371678
1232,2022-11-22,9.687383,9.436089,-4.4441953
1233,2022-11-23,8.234571,8.514273,-4.239808
1234,2022-11-25,7.74927,8.139295,-4.3346562
1235,2022-11-28,7.4736333,7.9282594,-4.4402165
1236,2022-11-29,7.542768,8.019292,-4.450776
1237,2022-11-30,6.4298263,5.316786,-4.5044727
1238,2022-12-01,6.3937216,5.089179,-4.565331
1239,2022-12-02,6.3979535,5.1244307,-4.5767303
1240,2022-12-05,7.194026,7.6529593,-4.6172066
1241,2022-12-06,7.586003,8.208846,-4.5974674
1242,2022-12-07,8.231641,8.969599,-4.631932
1243,2022-12-08,8.450013,9.204614,-4.6793027
1244,2022-12-09,7.546614,8.231296,-4.624616
1245,2022-12-12,8.667356,9.534589,-4.7896056
1246,2022-12-13,9.273308,9.948922,-4.9248734
1247,2022-12-14,9.414677,10.167345,-5.0516806
1248,2022-12-15,9.169321,10.142662,-5.067876
1249,2022-12-16,9.186086,10.352085,-5.1847463
1250,2022-12-19,9.083305,10.405752,-5.2353415
1251,2022-12-20,9.246254,10.765516,-5.4399824
1252,2022-12-21,9.155245,10.838712,-5.489994
1253,2022-12-22,9.263222,11.09018,-5.64877
1254,2022-12-23,9.1828575,11.14264,-5.6850953
1255,2022-12-27,9.247053,11.31276,-5.7970133
1256,2022-12-28,9.030159,11.297587,-5.795395
1257,2022-12-29,8.702989,11.265052,-5.795401
1258,2022-12-30,8.588923,11.282991,-5.8176064
